id;hoofdstuk;regel;titel;samenvatting;spreker;npcs;flags_geschreven;relaties_geschreven;flags_gelezen;stat_checks;uitrusting;puzzle;combat;image;eretitel;aantal_keuzes;keuzes
PRO_001;PRO;2001;Het Veld bij Latium;De speler ploegt zijn akker in Latium en stuit op iets hards onder de grond. Twee openingskeuzes: meteen graven of eerst voorzichtig zand wegvegen.;;;;;;;;;;prologue_ploegen.png;;2;Graaf meteen verder -> PRO_002 | Veeg eerst voorzichtig het zand weg -> PRO_001B
PRO_001B;PRO;2019;Voorzichtig;Het harde voorwerp blijkt bewerkt hout — de rand van een begraven kist.;;;;;;;;;;;;1;Graaf de kist op -> PRO_002
PRO_002;PRO;2033;De Kist;"De opgegraven kist staat voor de speler; het slot houdt nog stand. Openen of laten liggen.";;;;;;;;;;;;2;Open de kist -> PRO_003 | Laat de kist gesloten en keer terug naar het dorp -> PRO_002B
PRO_002B;PRO;2048;Twijfel;De speler laat de kist liggen maar kan het de hele dag niet loslaten en keert 's avonds terug. Zuivere vertraging: hetzelfde vervolg.;;;;;;;;;;;;1;Keer terug naar het veld en graaf de kist alsnog open -> PRO_003
PRO_003;PRO;2062;Drie Voorwerpen;"In de kist liggen drie voorwerpen: jachtboog, speer en ruitersporen. De speler mag er één meenemen — dit is de klassekeuze.";;;;;;;;;;;;3;Neem de jachtboog -> PRO_004A | Neem de speer -> PRO_004B | Neem de ruitersporen -> PRO_004C
PRO_004A;PRO;2078;De Boogschutter;De boog gekozen: de speler wordt Boogschutter (REWARD zet classId + stats).;;;;;;;"class=Boogschutter; traits=observatie,snelheid,precisie";;;;boogschutter_orakel;1;Verder zoeken in de kist -> PRO_005
PRO_004B;PRO;2098;De Hopliet;De speer gekozen: de speler wordt Hopliet (REWARD zet classId + stats).;;;;;;;"class=Hopliet; traits=kracht,moed,verdediging";;;;hopliet_orakel;1;Verder zoeken in de kist -> PRO_005
PRO_004C;PRO;2118;De Cavalerist;De ruitersporen gekozen: de speler wordt Cavalerist (REWARD zet classId + stats).;;;;;;;"class=Cavalerist; traits=mobiliteit,tactiek,snelheid";;;;cavalerist_orakel;1;Verder zoeken in de kist -> PRO_005
PRO_005;PRO;2138;De Bronzen Schijf;Onder in de kist ligt een warme bronzen schijf met onbekende tekens. Aanraken of terugtrekken.;;;;;;;;;;prologue.png;;2;Raak de schijf aan -> PRO_006 | Trek je hand terug -> PRO_005B
PRO_005B;PRO;2159;Aarzeling;"De speler aarzelt, maar de schijf 'roept'. Zuivere vertraging naar hetzelfde vervolg.";;;;;;;;;;;;1;Raak de schijf alsnog aan -> PRO_006
PRO_006;PRO;2173;Vervorming;"Bij aanraking vervormt de werkelijkheid rond het veld; Latium herschikt zich.";;;;;;;;;;tijdvervorming_veld.jpg;;1;Laat het gebeuren -> PRO_007
PRO_007;PRO;2190;Het Orakel van Chronos;De tekens rijzen op en vormen een woord. Poortwachter: de Griekse transliteratie-puzzel.;;;;;;;;puzzle_orakel_symbolen_01;;;;1;Ontcijfer het patroon -> PRO_008
PRO_008;PRO;2207;De Poort;"De tekens vallen op hun plaats en een poort van licht opent zich; een gestalte wacht erachter.";;;;;;;;;;;;1;Spreek de gestalte aan -> PRO_009
PRO_009;PRO;2224;De Boodschapper;De Boodschapper van Kronos spreekt de speler voor het eerst aan: de wereld vergeet. Titel bewaarder_herinnering.;De Boodschapper van Kronos;;;;;;;;;;bewaarder_herinnering;1;Stap door de poort -> CH1_000
CH1_000;CH1;2271;De Namen van de Wereld;Hub van Hoofdstuk 1: de speler stapt Hellas binnen en kiest één van drie niet-convergerende plotlijnen (Midas / Athena / Prometheus).;;;;;;;;;;;;3;"Naar Sardis, waar een koning alles tot goud maakt -> CH1_A01 | Naar de top van de Olympos, waar iets op het punt staat te barsten -> CH1_B01 | Naar een kille vallei, waar het eerste vuur nog gestolen moet worden -> CH1_C01"
CH1_A01;CH1;2292;De Weg naar Sardis;"Lijn A. De weg naar Sardis in Lydia; onderweg gonst het van geruchten over koning Midas en een gunst van een god.";;midas;;;;;;;;;;2;Ga direct de stad Sardis binnen -> CH1_A02 | Vraag eerst een langsreizende koopman naar het laatste nieuws -> CH1_A01B
CH1_A01B;CH1;2312;Geruchten op de Weg;Een koopman vertelt over Silenus in de rozentuinen. Drie houdingskeuzes die alle drie naar dezelfde scène leiden.;;;;;;;;;;;;3;"Knik kort en loop meteen door, je aandacht al bij het paleis -> CH1_A02 | Luister beleefd, maar zonder een duidelijk oordeel over wat je net hoorde -> CH1_A02 | Bedank de koopman voor zijn verhaal voor je verdergaat -> CH1_A02"
CH1_A02;CH1;2330;Het Paleis van Sardis;"Het paleis van Sardis; de troonzaal wordt bewaakt. Drie routes: het opschrift ontcijferen (puzzel), forceren (Vis) of sluipen (Prudentia).";;;;;;vis 13 | prudentia 13;;;;;;3;"Ontcijfer het woord boven de poort -> CH1_A02_PUZZLE | Zet je schouder tegen de zijdeur van de wachtpost en forceer hem open -> CH1_A02_VIS | Wacht de wisseling van de wacht af en glip dan, ongezien, tussen hen door -> CH1_A02_SLUIP"
CH1_A02_PUZZLE;CH1;2350;Het Woord boven de Poort;Poortwachter: lidwoordpuzzel bij het opschrift boven de poort.;;;;;;;;puzzle_ch1a_lidwoord;;;;1;Ontcijfer het woord -> CH1_A03
CH1_A02_VIS;CH1;2367;De Zijdeur;Vis-route: de speler forceert de zijdeur van de wachtpost. Komt direct samen.;;;;;;;;;;;;1;Loop door naar de troonzaal -> CH1_A03
CH1_A02_SLUIP;CH1;2381;De Wisseling van de Wacht;Prudentia-route: de speler glipt bij de wachtwissel naar binnen. Komt direct samen.;;;;;;;;;;;;1;Loop door naar de troonzaal -> CH1_A03
CH1_A03;CH1;2395;"Silenus, de Dronken Wijze";"In de troonzaal wordt het Silenus-verhaal uitgebreid verteld; Bacchus staat op het punt te verschijnen.";;;;;;;;;;;;1;Wacht af wat Bacchus te bieden heeft -> CH1_A04
CH1_A04;CH1;2413;Een Gevaarlijke Wens;"Bacchus verschijnt en biedt Midas een wens; Midas wenst dat alles wat hij aanraakt goud wordt.";;bacchus;;;;;;;;midas.png;;1;Blijf kijken wat er gebeurt -> CH1_A05
CH1_A05;CH1;2437;De Gouden Aanraking;Midas test zijn gave steeds roekelozer. Poortwachter: naamvalpuzzel.;;;;;;;;puzzle_ch1a_naamval;;;;1;Kijk toe hoe hij verder gaat -> CH1_A06
CH1_A06;CH1;2454;Het Gouden Feestmaal;"Het gouden feestmaal: brood en wijn verstarren, Midas raakt in paniek. Drie houdingskeuzes, één vervolg.";;;;;;;;;;;;3;"Kijk onbewogen toe — hij wist waar hij om vroeg -> CH1_A07 | Kijk toe, nog niet goed wetend wat je van dit alles moet denken -> CH1_A07 | Kijk met groeiend medeleven hoe zijn paniek toeneemt -> CH1_A07"
CH1_A07;CH1;2472;Wat Goud Niet Kan Voeden;"Midas' dochter omhelst hem en verandert in goud. Drie houdingskeuzes, één vervolg.";;;;;;;;;;;;3;"Grijp hem stevig bij zijn schouders, om hem tot bezinning te schudden -> CH1_A08 | Grijp hem bij zijn schouders, zelf niet zeker of dit troost of een schok moet zijn -> CH1_A08 | Grijp hem voorzichtig bij zijn schouders, om hem te troosten -> CH1_A08"
CH1_A08;CH1;2490;Een Vloek Erkend;Midas smeekt geknield om terugname van de gave. Keuze: bij hem blijven (via A08B) of hem meteen op Bacchus wijzen.;;;;;;;;;;;;3;"Blijf eerst naast hem zitten, zodat hij niet alleen is met wat hij heeft gedaan -> CH1_A08B | Blijf besluiteloos naast hem zitten, niet zeker wat je nu moet zeggen -> CH1_A08B | Wijs hem meteen op Bacchus, die alles zag gebeuren -> CH1_A09"
CH1_A08B;CH1;2508;Een Ogenblik van Stilte;De speler knielt zwijgend naast Midas voor hij hem op Bacchus wijst. Zuivere vertraging.;;;;;;;;;;;;1;"Wijs hem op Bacchus, die alles zag gebeuren -> CH1_A09"
CH1_A09;CH1;2524;De Aanroeping;Midas roept Bacchus aan. Poortwachter: vocativuspuzzel.;;;;;;;;puzzle_ch1a_vocativus;;;;1;Wacht op het antwoord van de god -> CH1_A10
CH1_A10;CH1;2543;De Rivier de Pactolus;"Bacchus wijst Midas naar de Pactolus; in de paniek van het paleis moet de speler mee naar de rivier. Drie routes (open / Vis / Gratia).";;;;;;vis 13 | gratia 11;;;;;;3;"Blijf vlak naast Midas, klaar om hem overeind te houden wanneer hij weer struikelt -> CH1_A10_OPEN | Duw de dichtklappende poort met kracht open zodat jullie er meteen doorheen kunnen -> CH1_A10_VIS | Praat de paniekerige poortwacht om vóór hij het slot dichtgooit -> CH1_A10_GRATIA"
CH1_A10_OPEN;CH1;2561;Aan Zijn Zijde;Open route: de speler houdt Midas overeind. Schrijft de dode flag ch1_a10_route=open.;;;ch1_a10_route=open;;;;;;;;;1;Kijk toe hoe Midas zich in het water werpt -> CH1_A10B
CH1_A10_VIS;CH1;2578;De Dichtklappende Poort;Vis-route: de speler forceert de dichtklappende poort. Schrijft de dode flag ch1_a10_route=vis.;;;ch1_a10_route=vis;;;;;;;;;1;Kijk toe hoe Midas zich in het water werpt -> CH1_A10B
CH1_A10_GRATIA;CH1;2595;Eén Enkel Woord;Gratia-route: de speler praat de poortwacht om. Schrijft de dode flag ch1_a10_route=gratia.;;;ch1_a10_route=gratia;;;;;;;;;1;Kijk toe hoe Midas zich in het water werpt -> CH1_A10B
CH1_A10B;CH1;2612;Het Water Neemt het Goud;"Midas wast zich in de Pactolus, de vloek verdwijnt, zijn dochter leeft weer. Zet ch1_lijn=A + ch1_voltooid, souvenir, eretitel.";;midas | bacchus;ch1_lijn=A | ch1_voltooid=true;;;;souvenir_midas | armor:robe;;;;ch1_a_midas;3;"Loop meteen door — er wacht nog werk aan de naam die je moet redden -> CH1_A11 | Werp een laatste blik terug, zonder er verder bij stil te staan -> CH1_A11 | Kijk nog eenmaal om, met medeleven voor de man die zoveel verloor en terugkreeg -> CH1_A11"
CH1_A11;CH1;2650;Het Orakel Verschijnt;Het Orakel verschijnt en prijst de speler om het redden van Midas' naam.;;;;;;;;;;orakel_verschijnt.png;;1;Luister verder -> CH1_ROBE
CH1_B01;CH1;2672;"Metis, de Eerste Vrouw van Zeus";"Lijn B. Een herder vertelt over Metis, de profetie en Zeus die haar inslikte. Keuze: doorklimmen of doorvragen.";;zeus;;;;;;;;;;2;Beklim direct de laatste helling naar de top -> CH1_B01C | Vraag de herder waarom hij zo angstig wegvlucht -> CH1_B01B
CH1_B01B;CH1;2694;Een Patroon dat Zich Herhaalt;"De herder vertelt over het patroon Ouranos-Kronos-Zeus. Drie houdingskeuzes, één vervolg.";;;;;;;;;;;;3;"Je hebt geen tijd voor meer vragen en klimt meteen door -> CH1_B01C | Overweeg zijn woorden een moment, en klim dan verder -> CH1_B01C | Bedank de herder voor zijn waarschuwing voor je verdergaat -> CH1_B01C"
CH1_B01C;CH1;2712;De Laatste Helling;De laatste helling naar de Olympostop onder een opkomende storm. Drie routes (pad / Vis / Agilitas).;;;;;;vis 13 | agilitas 11;;;;;;3;"Volg het kronkelende pelgrimspad, langzamer maar voor iedereen begaanbaar -> CH1_B01_PAD | Klim recht tegen de rotswand op, rechtstreeks de aanzwellende wind in -> CH1_B01_VIS | Spring behendig van steen naar steen over een smalle, afbrokkelende richel -> CH1_B01_AGI"
CH1_B01_PAD;CH1;2728;Het Pelgrimspad;Open route: het pelgrimspad. Schrijft de dode flag ch1_b01_route=pad.;;;ch1_b01_route=pad;;;;;;;;;1;Loop de top van de Olympos op -> CH1_B02
CH1_B01_VIS;CH1;2745;Recht Tegen de Wind In;Vis-route: recht tegen de rotswand op. Schrijft de dode flag ch1_b01_route=vis.;;;ch1_b01_route=vis;;;;;;;;;1;Loop de top van de Olympos op -> CH1_B02
CH1_B01_AGI;CH1;2762;Van Steen naar Steen;Agilitas-route: over de smalle richel. Schrijft de dode flag ch1_b01_route=agilitas.;;;ch1_b01_route=agilitas;;;;;;;;;1;Loop de top van de Olympos op -> CH1_B02
CH1_B02;CH1;2779;Onweer op de Olympos;"Zeus op zijn troon met barstende hoofdpijn; de goden weten zich geen raad. Drie houdingskeuzes, één vervolg.";;;;;;;;;;;;3;"Blijf nuchter — een pijnlijke geboorte is nog geen excuus voor wat hij Metis aandeed -> CH1_B03 | Kijk toe zonder een duidelijke mening te vormen over wat je ziet -> CH1_B03 | Voel medelijden met Zeus, ondanks alles wat hij heeft gedaan -> CH1_B03"
CH1_B03;CH1;2797;Een Naam voor het Ongeborene;Nimfen fluisteren het woord θεά. Poortwachter: lidwoordpuzzel.;;athena;;;;;;puzzle_ch1b_lidwoord;;;;1;Volg het gefluister naar Zeus' troon -> CH1_B04
CH1_B04;CH1;2817;De Bijl van Hephaistos;Hephaistos wordt gehaald en heft zijn bijl. Poortwachter: naamvalpuzzel.;;hephaistos;;;;;;puzzle_ch1b_naamval;;;;1;Kijk niet weg -> CH1_B05
CH1_B05;CH1;2839;Wat uit het Hoofd Breekt;"De klap valt; Athena wordt volgroeid en gewapend uit Zeus' hoofd geboren.";;;;;;;;;;birth_of_athena.png;;1;Kijk hoe ze voor het eerst ademhaalt -> CH1_B06
CH1_B06;CH1;2858;Pallas Athena;Athena slaakt haar strijdkreet. Keuze: naar Zeus kijken of naar de reacties van de andere goden.;;;;;;;;puzzle_ch1b_vocativus;;;;2;"Kijk hoe Zeus als eerste zijn stem hervindt -> CH1_B07 | Kijk naar de andere goden, die zich stilletjes terugtrekken -> CH1_B06B"
CH1_B06B;CH1;2878;Niet Iedereen Kijkt met Bewondering;"Optionele zijscène: Ares' jaloezie, Hera's berekening, Hermes' plezier. Komt weer samen.";;;;;;;;;;;;1;Wacht af hoe zij antwoordt -> CH1_B07
CH1_B07;CH1;2894;De Aanroeping van Zeus;"Athena erkent Zeus als vader; hij strekt zijn hand uit. Drie houdingskeuzes, één vervolg.";;;;;;;;;;;;3;"Kijk toe, vooral benieuwd wat haar aanwezigheid voor de Olympos gaat betekenen -> CH1_B08 | Kijk toe, vooral afwachtend wat er nu gaat gebeuren -> CH1_B08 | Kijk toe, ontroerd door het moment tussen vader en dochter -> CH1_B08"
CH1_B08;CH1;2912;Wijsheid Neemt Haar Plaats In;"Athena neemt haar plaats in als raadgeefster. Zet ch1_lijn=B + ch1_voltooid, souvenir (bronssplinter), eretitel.";;athena;ch1_lijn=B | ch1_voltooid=true;;;;souvenir_athena_geboorte | armor:robe;;;;ch1_b_athena;3;"Daal meteen af — er is nog werk te doen -> CH1_B09 | Daal af, nog steeds nadenkend over wat je zojuist hebt gezien -> CH1_B09 | Daal af, dankbaar dat je bij zo'n geboorte mocht zijn -> CH1_B09"
CH1_B09;CH1;2950;Het Orakel Verschijnt;Het Orakel verschijnt en prijst het terugbrengen van Athena's geboorte.;;;;;;;;;;orakel_verschijnt.png;;1;Luister verder -> CH1_ROBE
CH1_C01;CH1;2972;De Titaan die Mensen Vormde;"Lijn C. Een oude vrouw vertelt hoe Prometheus de mensen vormde en Epimetheus hen vergat. Drie houdingskeuzes, één vervolg.";;prometheus;;;;;;;;;;3;"Loop resoluut door — verhalen zijn mooi, maar je wilt het zelf zien -> CH1_C02 | Loop verder in gedachten, niet meteen overtuigd van het hele verhaal -> CH1_C02 | Haast je naar de vallei, bewogen door het verhaal van de oude vrouw -> CH1_C02"
CH1_C02;CH1;2995;De Kille Vallei;"De kille vallei zonder vuur; Prometheus besluit in te grijpen. Keuze: meteen volgen of het donker afwachten.";;;;;;;;;;;;2;"Volg hem meteen, vastbesloten als hij is -> CH1_C03 | Wacht tot het donker is, zodat hij ongezien de Olympos op kan -> CH1_C02B"
CH1_C02B;CH1;3012;Wachten op het Duister;Prometheus wacht op het duister en oefent zijn tocht. Zuivere vertraging.;;;;;;;;;;;;1;Volg hem terwijl hij zich naar het vuur van de goden waagt -> CH1_C03
CH1_C03;CH1;3028;Het Woord voor Vuur;Bij de haard van de goden staat een woord gekrast. Poortwachter: lidwoordpuzzel.;;;;;;;;puzzle_ch1c_lidwoord;;;;1;Kom dichterbij -> CH1_C03B
CH1_C03B;CH1;3047;Dichter bij het Vuur;De speler moet zelf dichter bij de haard komen. Drie routes (schaduw / Agilitas / Vis).;;;;;;agilitas 11 | vis 13;;;;;;3;"Blijf op veilige afstand, in de schaduw die er toch al ligt -> CH1_C03_OPEN | Sluip mee tussen de zuilen, exact in de pas van Prometheus -> CH1_C03_AGI | Klim in plaats daarvan recht langs de rotsrand omhoog — zwaarder, maar sneller bij de haard -> CH1_C03_VIS"
CH1_C03_OPEN;CH1;3063;In de Schaduw;Open route: op afstand blijven. Schrijft de dode flag ch1_c03_route=open.;;;ch1_c03_route=open;;;;;;;;;1;Kijk hoe Prometheus een vonk verbergt -> CH1_C04
CH1_C03_AGI;CH1;3080;In Zijn Pas;Agilitas-route: meesluipen in Prometheus' pas. Schrijft de dode flag ch1_c03_route=agilitas.;;;ch1_c03_route=agilitas;;;;;;;;;1;Kijk hoe Prometheus een vonk verbergt -> CH1_C04
CH1_C03_VIS;CH1;3097;Langs de Rotsrand;Vis-route: langs de rotsrand klimmen. Schrijft de dode flag ch1_c03_route=vis.;;;ch1_c03_route=vis;;;;;;;;;1;Kijk hoe Prometheus een vonk verbergt -> CH1_C04
CH1_C04;CH1;3114;De Diefstal;Prometheus verbergt een vonk in een vijgentak en brengt het vuur naar de mensen.;;;;;;;;;;;;1;Kijk toe hoe de hemel dit opmerkt -> CH1_C05
CH1_C05;CH1;3130;Zeus' Woede en Twee Straffen;"Zeus ziet de vuren en bedenkt twee straffen: de rots voor Prometheus, een geschenk voor de mensheid. Drie houdingskeuzes.";;;;;;;;;;;;3;"Kijk toe zonder oordeel — de goden doen wat goden doen -> CH1_C06 | Wacht simpelweg af wat Zeus heeft bedacht -> CH1_C06 | Vrees voor wat dit gaat opleveren, met medelijden voor wie straks de gevolgen zal dragen -> CH1_C06"
CH1_C06;CH1;3148;"Pandora, het Alomgeschonken Geschenk";"Pandora wordt gemaakt en door alle goden begiftigd; ze krijgt de verzegelde doos mee.";;pandora;;;;;;;;;;1;Volg Pandora naar de mensenwereld -> CH1_C07
CH1_C07;CH1;3169;De Doos die Ze Meekreeg;"Pandora komt bij Epimetheus; de doos knaagt aan haar. Poortwachter: naamvalpuzzel. Keuze: meteen kijken of Epimetheus' afleiding volgen.";;epimetheus;;;;;;puzzle_ch1c_naamval;;;;2;Kijk toe op het moment dat ze het deksel licht -> CH1_C08 | Kijk hoe Epimetheus probeert haar aandacht af te leiden -> CH1_C07B
CH1_C07B;CH1;3192;Een Poging tot Afleiding;"Epimetheus probeert haar af te leiden; 's nachts staat ze toch weer bij de doos. Zuivere vertraging.";;;;;;;;;;;;1;Kijk toe op het moment dat ze het deksel licht -> CH1_C08
CH1_C08;CH1;3208;Wat uit de Doos Ontsnapt;"De doos gaat open en alle kwalen ontsnappen. Drie houdingskeuzes, één vervolg.";;;;;;;;;;pandora.png;;3;"Richt je blik meteen op de doos — is dit werkelijk alles wat erin zat? -> CH1_C09 | Kijk toe, niet goed wetend wie of wat hier het meest je aandacht verdient -> CH1_C09 | Kniel bij Pandora neer, die verstijfd is van schrik en schuldgevoel -> CH1_C09"
CH1_C09;CH1;3229;Wat Achterblijft;Elpis (hoop) blijft als enige achter op de bodem. Drie houdingskeuzes naar de rots.;;pandora;;;;;;;;;;3;"Ga naar hem toe, vooral nieuwsgierig naar wat een titaan drijft tot zo'n offer -> CH1_C09B | Ga naar hem toe, zonder meteen te weten wat je tegen hem wilt zeggen -> CH1_C09B | Ga naar hem toe, vervuld van medelijden voor wat hij voor de mensheid heeft opgeofferd -> CH1_C09B"
CH1_C09B;CH1;3250;Naar de Rots;De tocht naar Prometheus' rots begint. Drie routes (karrenspoor / Vis / Prudentia).;;;;;;vis 13 | prudentia 11;;;;;;3;"Volg het karrenspoor dat om de berg heen naar de pas voert -> CH1_C09_PAD | Beklim de rotswand rechtstreeks, hand over hand tegen het zwaartepunt in -> CH1_C09_VIS | Lees het vluchtpatroon van de adelaar — zijn dagelijkse route verraadt de kortste weg naar de rots -> CH1_C09_PRU"
CH1_C09_PAD;CH1;3266;Het Karrenspoor;Open route: het lange karrenspoor. Schrijft de dode flag ch1_c09_route=open.;;;ch1_c09_route=open;;;;;;;;;1;Kijk omhoog naar waar Prometheus geketend hangt -> CH1_C10
CH1_C09_VIS;CH1;3283;Tegen het Zwaartepunt In;Vis-route: recht tegen de rotswand op. Schrijft de dode flag ch1_c09_route=vis.;;;ch1_c09_route=vis;;;;;;;;;1;Kijk omhoog naar waar Prometheus geketend hangt -> CH1_C10
CH1_C09_PRU;CH1;3300;Het Spoor van de Adelaar;Prudentia-route: het vluchtpatroon van de adelaar lezen. Schrijft de dode flag ch1_c09_route=prudentia.;;;ch1_c09_route=prudentia;;;;;;;;;1;Kijk omhoog naar waar Prometheus geketend hangt -> CH1_C10
CH1_C10;CH1;3317;"Geketend, Niet Gebroken";"Prometheus hangt geketend, de adelaar cirkelt; beneden branden duizend vuren. Poortwachter: vocativuspuzzel.";;;;;;;;puzzle_ch1c_vocativus;;;;1;Beantwoord zijn blik -> CH1_C11
CH1_C11;CH1;3336;Vuur en Hoop;"Prometheus zegt dat het het waard was. Zet ch1_lijn=C + ch1_voltooid, souvenir (kooltje), eretitel.";;prometheus;ch1_lijn=C | ch1_voltooid=true;;;;souvenir_prometheus | armor:robe;;;;ch1_c_prometheus;1;"Loop verder, terug naar de bewoonde wereld -> CH1_C12"
CH1_C12;CH1;3372;Het Orakel Verschijnt;Het Orakel verschijnt en prijst het terugbrengen van vuur en hoop.;;;;;;;;;;orakel_verschijnt.png;;1;Luister verder -> CH1_ROBE
CH1_ROBE;CH1;3394;De Mantel;Gedeelde afsluiting: het Orakel geeft de speler een mantel ter vervanging van zijn boerenvodden (ontgrendelt armor:robe).;;;;;;;;;;;;1;Trek de mantel aan -> CH1_CODEX_UITLEG
CH1_CODEX_UITLEG;CH1;3416;De Codex Memoriae;"Gedeelde afsluiting: de Boodschapper legt de Codex Memoriae uit. Zuiver uitleg-scherm, geen fictie-inhoud.";;;;;;;;;;;;1;Doorgaan -> CH1_EINDE
CH1_EINDE;CH1;3432;Het Einde van Hoofdstuk 1;"Hoofdstukafsluiting; de poort naar Hoofdstuk 2 opent.";;;;;;;;;;;;1;Stap door de poort -> CH2_000
CH2_000;CH2;3484;Wanneer Goden Beminnen;Hub van Hoofdstuk 2 (Hera's vier gezichten). Vier [DONE]-gemarkeerde lijnen plus een [REQUIRE:fragments=4]-gate naar Athena. Draagt de drie ch1_lijn-echo's.;;;;;ch2_lijn_latona | ch2_lijn_semele | ch2_lijn_kallisto | ch2_lijn_herakles | ch1_lijn | ch1_lijn | ch1_lijn;;;;;;;5;"Volg het spoor van Latona, een titanide die Jupiters kind draagt en nergens welkom is -> CH2_L01 | Volg het lot van Semele, een prinses van Thebe die niet weet wie haar minnaar werkelijk is -> CH2_S01 | Volg Kallisto, een jachtgezellin van Artemis die niemand kan vertrouwen wat ze ziet -> CH2_K01 | Volg Herakles, Zeus' sterfelijke zoon die Hera al haat sinds voor zijn geboorte -> CH2_H01 | Spreek het Orakel aan, nu alle vier de verhalen zijn gehoord -> CH2_ATHENA"
CH2_L01;CH2;3507;"Latona, Titanide en Minnares van Jupiter";Lijn Latona. Juno vervloekt Latona: geen vaste grond mag haar laten bevallen.;;latona | hera;;;;;;;;;;1;Volg Latona op haar zoektocht -> CH2_L02
CH2_L02;CH2;3526;Overal Geweigerd;"Latona wordt overal geweigerd; één oude herder wijst haar heimelijk naar het riet. Drie houdingskeuzes (één met eigen tussenscène).";;;;;;;;;;;;3;"Trek weifelend verder — je weet niet goed wat je van de herder moet denken -> CH2_L03 | Schuil dankbaar in het riet, ontroerd door zijn stille moed -> CH2_L02B | Trek meteen verder — je vertrouwt niemand meer die zo snel weer verdwijnt -> CH2_L03"
CH2_L02B;CH2;3544;Een Stil Gebaar;"Clementia-variant: een nacht in het riet, een stil gebaar van moed. Komt weer samen.";;;;;;;;;;;;1;"Ga met haar mee, verder op zoek naar een echte schuilplaats -> CH2_L03"
CH2_L03;CH2;3558;Eindeloos Dwalen;Latona dwaalt wekenlang. Poortwachter: praesens-puzzel.;;;;;;;;puzzle_ch2l_praesens;;;;1;"Blijf haar volgen, ondanks alles -> CH2_L04"
CH2_L04;CH2;3575;De Python van Juno;Juno stuurt de slang Python achter Latona aan.;;;;;;;;;;;;1;Wacht af wat ze doen -> CH2_L05
CH2_L05;CH2;3591;"""Fuge!""";Een reiziger schreeuwt 'Fuge!'. Poortwachter: imperativus-puzzel.;;;;;;;;puzzle_ch2l_imperativus;;;;1;Ren met haar mee -> CH2_L06
CH2_L06;CH2;3608;Niemand Die Helpen Kan;"Latona rent, niemand helpt. Poortwachter: posse-puzzel.";;;;;;;;puzzle_ch2l_posse;;;;1;Blijf naast haar -> CH2_L06B
CH2_L06B;CH2;3625;De Python op de Hielen;"De python wint terrein; de speler moet haar naar de kust krijgen. Drie routes (open / Agilitas / Robur).";;;;;;agilitas 11 | robur 13;;;;;;3;"Ren blindelings verder naast haar, op adrenaline alleen -> CH2_L06_OPEN | Leid haar zigzaggend tussen de rotsen door, te snel en te lenig voor het logge beest -> CH2_L06_AGI | Bijt door je eigen pijn heen en houd het tempo naast haar vol tot de kustlijn -> CH2_L06_ROB"
CH2_L06_OPEN;CH2;3641;Op Adrenaline Alleen;Open route: blindelings meerennen. Schrijft de dode flag ch2_l06_route=open.;;;ch2_l06_route=open;;;;;;;;;1;Kijk uit naar een laatste toevlucht -> CH2_L07
CH2_L06_AGI;CH2;3658;Zigzaggend Tussen de Rotsen;Agilitas-route: zigzaggen tussen de rotsen. Schrijft de dode flag ch2_l06_route=agilitas.;;;ch2_l06_route=agilitas;;;;;;;;;1;Kijk uit naar een laatste toevlucht -> CH2_L07
CH2_L06_ROB;CH2;3675;Door de Pijn Heen;Robur-route: het tempo volhouden tot de kust. Schrijft de dode flag ch2_l06_route=robur.;;;ch2_l06_route=robur;;;;;;;;;1;Kijk uit naar een laatste toevlucht -> CH2_L07
CH2_L07;CH2;3692;"Delos, het Drijvende Eiland";"Delos, het drijvende eiland, valt buiten Juno's vloek. Drie houdingskeuzes plus een Gratia-gate naar een echt andere scène.";;athena;;;;gratia 13;;;;;;4;"Wijs het eiland erop dat het toch al niets te verliezen heeft, rondzwervend als het is -> CH2_L08 | Smeek het eiland gewoon om hulp, zonder overtuigingskracht te zoeken -> CH2_L08 | Beloof het eiland eeuwige verering als het haar redt -> CH2_L08 | Spreek Delos aan als gelijke, niet als smekeling — twee verstotenen die elkaar herkennen -> CH2_L07B"
CH2_L07B;CH2;3714;Twee Verstotenen;"Gratia-route: de speler spreekt Delos aan als gelijke, twee verstotenen. Enige RELATION in het hoofdstuk (athena +1) — voedt de payoff in CH2_ATHENA.";;;ch2_l07_route=gratia;athena +1;;;;;;;;1;Kijk toe hoe Delos zich verankert -> CH2_L08
CH2_L08;CH2;3736;De Geboorte van Apollo en Diana;"Delos verankert zich; Apollo en Diana worden geboren. Zet ch2_lijn_latona, eretitel.";;latona | apollo | diana;ch2_lijn_latona=true;;;;;;;geboorte_apollo_diana.png;ch2_latona;1;"Kijk wat er nog met Latona gebeurt, nu haar tweeling geboren is -> CH2_L08B"
CH2_L08B;CH2;3775;De Vijver van de Boeren;"Coda: de boeren die Latona water weigeren worden kikkers; de speler plukt een waterlelie (souvenir).";;;;;;;souvenir_latona;;;;;1;Keer terug — er wachten nog meer verhalen -> CH2_000
CH2_S01;CH2;3794;"Semele, Prinses van Thebe";Lijn Semele. Semele van Thebe ontvangt 's nachts een minnaar die Jupiter blijkt te zijn.;;semele;;;;;;;;;;1;Volg Semele door de volgende nacht -> CH2_S02
CH2_S02;CH2;3813;De Oude Voedster;"Juno, vermomd als voedster Beroë, zaait twijfel. Drie houdingskeuzes (twee via een tussenscène).";;;;;;;;;;;;3;"Luister aandachtig — haar wantrouwen groeit met elk woord -> CH2_S03 | Weet zelf niet goed wat je van haar woorden moet denken -> CH2_S02B | Wuif de twijfel eerst weg, uit vertrouwen in haar minnaar -> CH2_S02B"
CH2_S02B;CH2;3831;Toch Twijfel;"De twijfel blijft knagen; Semele besluit de vraag te stellen. Zuivere vertraging.";;;;;;;;;;;;1;Stel hem de vraag die ze niet meer kan inslikken -> CH2_S03
CH2_S03;CH2;3845;Een Onmogelijke Eed;Semele laat Jupiter bij de Styx zweren elke wens te vervullen. Poortwachter: praesens-puzzel.;;;;;;;;puzzle_ch2s_praesens;;;;1;Wacht af wat Semele nu van hem vraagt -> CH2_S04
CH2_S04;CH2;3862;De Wens;Semele eist Jupiter te zien in zijn ware gedaante. Poortwachter: imperativus-puzzel.;;;;;;;;puzzle_ch2s_imperativus;;;;1;Kijk hoe Jupiter reageert op haar eis -> CH2_S05
CH2_S05;CH2;3879;Jupiters Wanhoop;"Jupiter beseft wat dat betekent maar kan de eed niet breken; Athena kijkt zwijgend toe. Drie houdingskeuzes.";;athena;;;;;;;;;;3;"Denk streng — hij had zo'n eed nooit lichtzinnig mogen zweren -> CH2_S06 | Kijk toe, niet goed wetend wie hier eigenlijk het meeste medelijden verdient -> CH2_S06 | Voel meelij met Jupiter, gevangen door zijn eigen onbezonnen woord -> CH2_S06"
CH2_S06;CH2;3900;Verschroeid door Glorie;Jupiter verschijnt in volle glorie en Semele wordt verteerd. Poortwachter: esse-puzzel.;;;;;;;;puzzle_ch2s_esse;;semele_verteerd.png;;1;Doorzoek de as -> CH2_S06B
CH2_S06B;CH2;3920;Zoeken in de As;De speler doorzoekt de as naar het ongeboren kind. Drie routes (rand / Vis / Prudentia).;;;;;;vis 13 | prudentia 11;;;;;;3;"Zoek voorzichtig langs de rand van de as, op veilige afstand van de gloed -> CH2_S06_OPEN | Breek met kracht door omgevallen, nog gloeiende balken heen om dieper te kunnen zoeken -> CH2_S06_VIS | Lees de sporen in de as — een verstoord plekje, de richting waarin iets net is verdwenen -> CH2_S06_PRU"
CH2_S06_OPEN;CH2;3936;Langs de Rand;Open route: langs de rand zoeken. Schrijft de dode flag ch2_s06_route=open.;;;ch2_s06_route=open;;;;;;;;;1;Kijk of er nog iets van haar te redden valt -> CH2_S07
CH2_S06_VIS;CH2;3953;Door het Puin;Vis-route: door gloeiende balken breken. Schrijft de dode flag ch2_s06_route=vis.;;;ch2_s06_route=vis;;;;;;;;;1;Kijk of er nog iets van haar te redden valt -> CH2_S07
CH2_S06_PRU;CH2;3970;Sporen in de As;Prudentia-route: sporen in de as lezen. Schrijft de dode flag ch2_s06_route=prudentia.;;;ch2_s06_route=prudentia;;;;;;;;;1;Kijk of er nog iets van haar te redden valt -> CH2_S07
CH2_S07;CH2;3987;Gered uit de As;Jupiter naait het ongeboren kind in zijn eigen dij.;;;;;;;;;;;;1;Wacht de laatste maanden af -> CH2_S08
CH2_S08;CH2;4003;De Geboorte van Bacchus;"Bacchus wordt tweemaal geboren. Zet ch2_lijn_semele, souvenir (wijnrank), eretitel; terugverwijzing naar Midas.";;semele | bacchus;ch2_lijn_semele=true;;;;souvenir_semele;;;geboorte_bacchus.png;ch2_semele;1;Keer terug — er wachten nog meer verhalen -> CH2_000
CH2_K01;CH2;4045;"Kallisto, Nimf van Artemis";"Lijn Kallisto. Kallisto, jachtgezellin van Artemis, wordt door Zeus alleen aangetroffen bij een bron.";;kallisto | diana;;;;;;;;;;1;Kijk toe wat Zeus van plan is -> CH2_K02
CH2_K02;CH2;4064;Vermomd als Artemis;"Zeus vermomt zich als Artemis en misleidt haar; ze durft het aan niemand te vertellen. Drie houdingskeuzes.";;;;;;;;;;;;3;"Blijf nuchter — dit is hoe goden nu eenmaal met stervelingen omgaan -> CH2_K03 | Weet niet goed wat je van Zeus' gedrag moet vinden -> CH2_K03 | Voel woede namens Kallisto, die niets van dit alles kon vermoeden -> CH2_K03"
CH2_K03;CH2;4082;"Een Zoon, Arcas";Kallisto verbergt haar zwangerschap en bevalt in het geheim van Arcas.;;;;;;;;;;;;1;Volg haar terug naar de groep -> CH2_K04
CH2_K04;CH2;4096;Ontdekt door de Band;"Bij de badplaats wordt haar zwangerschap ontdekt; Artemis verstoot haar. Poortwachter: imperativus-puzzel.";;;;;;;;puzzle_ch2k_imperativus;;;;1;Kijk toe hoe Kallisto de groep verlaat -> CH2_K05
CH2_K05;CH2;4113;Op de Vlucht;Kallisto vlucht de bergen in. Poortwachter: praesens-puzzel.;;;;;;;;puzzle_ch2k_praesens;;;;1;Volg haar het gebergte in -> CH2_K05B
CH2_K05B;CH2;4130;Kallisto's Spoor;De speler moet haar spoor volgen. Drie routes (afstand / Robur / Prudentia).;;;;;;robur 13 | prudentia 11;;;;;;3;"Blijf op veilige afstand en volg haar spoor rustiger, ook al raak je haar soms bijna kwijt -> CH2_K05_OPEN | Zet door in haar moordende tempo, uren aan een stuk, zonder de rust te vragen die zij zichzelf ook niet gunt -> CH2_K05_ROB | Lees afgebroken takjes en verstoorde steentjes en neem een kortere route die je vóór haar op het volgende punt brengt -> CH2_K05_PRU"
CH2_K05_OPEN;CH2;4146;Op Veilige Afstand;Open route: op veilige afstand volgen. Schrijft de dode flag ch2_k05_route=open.;;;ch2_k05_route=open;;;;;;;;;1;"Blijf haar volgen, ondanks alles -> CH2_K06"
CH2_K05_ROB;CH2;4163;In Haar Tempo;Robur-route: haar moordende tempo bijhouden. Schrijft de dode flag ch2_k05_route=robur.;;;ch2_k05_route=robur;;;;;;;;;1;"Blijf haar volgen, ondanks alles -> CH2_K06"
CH2_K05_PRU;CH2;4180;Het Kortere Pad;Prudentia-route: haar spoor lezen en afsnijden. Schrijft de dode flag ch2_k05_route=prudentia.;;;ch2_k05_route=prudentia;;;;;;;;;1;"Blijf haar volgen, ondanks alles -> CH2_K06"
CH2_K06;CH2;4197;Hera's Ontdekking;Hera ontdekt de waarheid en richt haar woede op Kallisto. Drie houdingskeuzes.;;;;;;;;;;;;3;Weet allang dat genade nooit Hera's stijl is geweest -> CH2_K07 | Wacht simpelweg af wat Hera gaat doen -> CH2_K07 | Hoop in stilte dat Hera deze ene keer genade toont -> CH2_K07
CH2_K07;CH2;4213;Veranderd in een Berin;"Hera verandert Kallisto in een berin; Athena kijkt toe zonder in te grijpen. Poortwachter: esse-puzzel.";;athena;;;;;;puzzle_ch2k_esse;;kallisto_berin.png;;1;Volg haar spoor de jaren door -> CH2_K08
CH2_K08;CH2;4238;"Arcas, de Jager";Jaren later heft Arcas als jager zijn speer tegen zijn eigen moeder.;;;;;;;;;;;;1;Wacht af wat er gebeurt -> CH2_K09
CH2_K09;CH2;4254;Onder de Sterren;"Zeus grijpt in en maakt hen tot Grote en Kleine Beer. Zet ch2_lijn_kallisto, souvenir (berenvacht), eretitel.";;kallisto | diana;ch2_lijn_kallisto=true;;;;souvenir_kallisto;;;kallisto_sterrenbeeld.png;ch2_kallisto;1;Keer terug — er wachten nog meer verhalen -> CH2_000
CH2_H01;CH2;4296;"Herakles, Zoon van Zeus";Lijn Herakles. Hera vertraagt zijn geboorte zodat Eurystheus het geboorterecht krijgt.;;herakles | zeus | hera;;;;;;;;;;1;Kijk naar zijn eerste dagen als baby -> CH2_H02
CH2_H02;CH2;4315;De Slangen in de Wieg;De baby Herakles wurgt twee slangen in zijn wieg. Poortwachter: praesens-puzzel.;;;;;;;;puzzle_ch2h_praesens;;;;1;Kijk hoe de familie op dit voorteken reageert -> CH2_H03
CH2_H03;CH2;4334;Een Voorteken;Thebe reageert verdeeld op het voorteken. Drie houdingskeuzes.;;;;;;;;;;;;3;Voel onbehagen — een kracht als deze trekt altijd rampspoed aan -> CH2_H04 | Weet niet goed wat je van dit voorteken moet denken -> CH2_H04 | Voel bewondering voor wat dit kind ooit zal worden -> CH2_H04
CH2_H04;CH2;4350;Een Vrouw en Kinderen;"Herakles verdedigt Thebe, trouwt met Megara en kent jaren van geluk.";;;;;;;;;;;;1;"Blijf nog even bij dit geluk stilstaan, voor het te laat is -> CH2_H05"
CH2_H05;CH2;4366;Hera's Waanzin;"Hera stuurt Lyssa, de geest van de razernij. Drie houdingskeuzes.";;;;;;;;;;;;3;"Weet dat dit een noodlot is dat niemand had kunnen afwenden -> CH2_H06 | Kijk toe, verlamd door een onheil dat je niet kunt plaatsen -> CH2_H06 | Wil wanhopig ingrijpen, wetend wat er komen gaat -> CH2_H06"
CH2_H06;CH2;4384;De Daad die Niet Ongedaan Kan Worden;"In waanzin doodt Herakles zijn gezin; de daad zelf blijft buiten beeld.";;;;;;;;;;herakles_nasleep.png;;1;"Blijf bij hem, ook al is er niets meer te zeggen -> CH2_H07"
CH2_H07;CH2;4403;Het Orakel van Delphi;Delphi legt hem tien jaar dienst onder Eurystheus op. Poortwachter: imperativus-puzzel.;;;;;;;;puzzle_ch2h_imperativus;;;;1;Wacht af welke eerste beproeving hem te wachten staat -> CH2_H07B
CH2_H07B;CH2;4422;De Tweede Uitgang;Bij het hol van de Nemeïsche leeuw ontdekt de speler een tweede uitgang. Drie routes (melden / Vis / Agilitas).;;;;;;vis 11 | agilitas 13;;;;;;3;"Wijs Herakles op de tweede opening — hij regelt het zelf -> CH2_H08 | Rol een zwaar rotsblok voor de tweede opening, schouder aan schouder met Herakles' eigen kracht -> CH2_H07_VIS | Sluip om de grot heen en stapel snel losse stenen en takken op, voor het beest iets in de gaten heeft -> CH2_H07_AGI"
CH2_H07_VIS;CH2;4438;Het Rotsblok;Vis-route: een rotsblok voor de tweede opening rollen. Schrijft de dode flag ch2_h07_route=vis.;;;ch2_h07_route=vis;;;;;;;;;1;Kijk hoe Herakles de grot binnengaat -> CH2_H08
CH2_H07_AGI;CH2;4455;Stenen en Takken;Agilitas-route: stenen en takken opstapelen. Schrijft de dode flag ch2_h07_route=agilitas.;;;ch2_h07_route=agilitas;;;;;;;;;1;Kijk hoe Herakles de grot binnengaat -> CH2_H08
CH2_H08;CH2;4472;De Eerste Taak: de Nemeïsche Leeuw;Eerste werk: de Nemeïsche Leeuw. Combat-bridge.;;;;;;;;;nemeische_leeuw;;;1;Kijk hoe hij zich herstelt van het gevecht -> CH2_H09
CH2_H09;CH2;4491;Ontsnapt aan de Klauwen;"Herakles wurgt de leeuw en draagt voortaan zijn huid; hij geeft zijn oude harnas aan de speler. Zet herakles_harnas (ontgrendelt armor:licht) — de best uitgeleze flag van het spel.";;;herakles_harnas=true;;;;armor:licht;;;;;1;Vraag je af wat de volgende beproeving zal zijn -> CH2_H10
CH2_H10;CH2;4512;De Tweede Taak: de Hydra van Lerna;"Tweede werk: de Hydra van Lerna, met Iolaos' fakkel. Poortwachter: posse-puzzel.";;;;;;;;puzzle_ch2h_posse;;;;1;Volg hen het moeras in -> CH2_H10B
CH2_H10B;CH2;4529;Hera's Krab;Hera stuurt een reuzenkrab. Drie routes (waarschuwen / Robur / Agilitas).;;;;;;robur 11 | agilitas 13;;;;;;3;"Roep waarschuwend naar Iolaos, die al bijspringt -> CH2_H11 | Stamp het beest zelf onder je hiel, ondanks de pijnlijke klauwen die zich vastklemmen -> CH2_H10_ROB | Grijp de krab bij zijn schaar en smijt hem terug het moeras in voor hij kan toebijten -> CH2_H10_AGI"
CH2_H10_ROB;CH2;4545;Onder je Hiel;Robur-route: de krab onder de hiel verbrijzelen. Schrijft de dode flag ch2_h10_route=robur.;;;ch2_h10_route=robur;;;;;;;;;1;Volg hen het moeras in -> CH2_H11
CH2_H10_AGI;CH2;4562;Weggesmeten;Agilitas-route: de krab wegsmijten. Schrijft de dode flag ch2_h10_route=agilitas.;;;ch2_h10_route=agilitas;;;;;;;;;1;Volg hen het moeras in -> CH2_H11
CH2_H11;CH2;4579;In het Moeras;"De Hydra wordt verslagen; de onsterfelijke kop komt onder een rotsblok. Combat-bridge.";;;;;;;;;hydra;;;1;Kijk hoe het gevecht wordt beoordeeld -> CH2_H12
CH2_H12;CH2;4596;Tien Wordt Twaalf;"Eurystheus keurt de Hydra af; tien wordt twaalf. Zet ch2_lijn_herakles + de dode flag herakles_taken_voltooid=2, souvenir, eretitel.";;herakles | megara;ch2_lijn_herakles=true | herakles_taken_voltooid=2;;;;souvenir_herakles_leeuw;;;;ch2_herakles_eerste_taken;1;Keer terug — er wachten nog meer verhalen -> CH2_000
CH2_ATHENA;CH2;4635;De Godin Spreekt;Fragmenten-gate bereikt: Athena spreekt voor het eerst als mentor over heldendom. Draagt de relatie-payoff uit CH2_L07B.;;athena;;;athena;;;;;athena_mentor_ch2.png;ch2_athena_mentor;1;Laat haar woorden bezinken -> CH2_ORAKEL
CH2_ORAKEL;CH2;4662;Het Orakel Keert Terug;Het Orakel vat de vier verhalen samen.;;;;;;;;;;;;1;Luister verder -> CH2_EINDE
CH2_EINDE;CH2;4685;Het Einde van Hoofdstuk 2;"Hoofdstukafsluiting; de poort naar Hoofdstuk 3 opent.";;;;;;;;;;;;1;Stap door de poort -> CH3_000
CH3_000;CH3;4719;Beloften van Goden en Mensen;Hub van Hoofdstuk 3. Twee [DONE]-lijnen (Io / Herakles) plus een [REQUIRE:fragments=6]-gate naar Athena.;;;;;ch3_lijn_io | ch3_lijn_herakles;;;;;;;3;"Volg Io, priesteres van Juno en Jupiters volgende geheime liefde -> CH3_IO01 | Volg Herakles, die tien beproevingen te gaan heeft -> CH3_H01 | Spreek het Orakel aan, nu beide verhalen zijn gehoord -> CH3_ATHENA"
CH3_IO01;CH3;4740;"Io, Priesteres van Juno";"Lijn Io. Io dient als priesteres in Juno's eigen tempel; Jupiter ziet haar bij de rivier.";;io | hera;;;;;;;;;;1;Kijk hoe Jupiter zijn kans grijpt -> CH3_IO02
CH3_IO02;CH3;4759;Een Wolk op een Heldere Dag;Jupiter trekt een wolk over Argos om zijn daad te verbergen. Poortwachter: genitivus-puzzel.;;;;;;;;puzzle_ch3io_genitivus;;;;1;Kijk wat er gebeurt wanneer de wolk optrekt -> CH3_IO03
CH3_IO03;CH3;4778;Een Vaars in Plaats van een Vrouw;"Juno daalt af; Jupiter verandert Io in een vaars om betrapping te ontlopen. Drie houdingskeuzes.";;;;;;;;;;;;3;"Voel medelijden met Io, die niets van dit alles heeft gekozen -> CH3_IO04 | Voel vooral verachting voor Jupiters lafheid — hij redt zichzelf, niet haar -> CH3_IO04 | Kijk toe, niet goed wetend wie hier meer medelijden verdient -> CH3_IO04"
CH3_IO04;CH3;4796;Een Ongemakkelijk Cadeau;"Juno eist de vaars als geschenk; Jupiter kan niet weigeren. Poortwachter: dativus-puzzel.";;;;;;;;puzzle_ch3io_dativus;;;;1;Kijk wat Juno met haar nieuwe bezit van plan is -> CH3_IO05
CH3_IO05;CH3;4815;"Argus Panoptes, de Honderdogige Wachter";"Argus Panoptes, de honderdogige wachter, krijgt Io onder toezicht.";;argus;;;;;;;;argus_bewaakt_io.png;;1;Kijk hoe Io haar nieuwe gevangenschap doorstaat -> CH3_IO06
CH3_IO06;CH3;4837;Een Naam in het Zand;Io schrijft haar naam in het zand voor haar vader Inachus. Drie houdingskeuzes.;;;;;;;;;;;;3;"Blijf bij dit moment stilstaan, geraakt door zoveel onmacht -> CH3_IO07 | Concludeer nuchter dat medelijden hier niets zal veranderen -> CH3_IO07 | Kijk toe, zonder goed te weten wat je met dit verdriet aan moet -> CH3_IO07"
CH3_IO07;CH3;4855;Jupiter Stuurt Hulp;Jupiter stuurt Mercurius om Argus te laten slapen.;;hermes;;;;;;;;;;1;Volg Mercurius op zijn missie -> CH3_IO07B
CH3_IO07B;CH3;4874;Terwijl Mercurius Speelt;De speler moet Mercurius' list afschermen. Drie routes (zitten / Robur / Gratia).;;;;;;robur 13 | gratia 11;;;;;;3;"Blijf gewoon zitten kijken, alert genoeg -> CH3_IO07_OPEN | Houd urenlang, zonder ooit je aandacht te verliezen, de omgeving in de gaten -> CH3_IO07_ROB | Praat een nieuwsgierige voorbijganger die te dichtbij komt behendig een andere kant op -> CH3_IO07_GRA"
CH3_IO07_OPEN;CH3;4890;Op Wacht;Open route: alert blijven zitten. Schrijft de dode flag ch3_io07_route=open.;;;ch3_io07_route=open;;;;;;;;;1;Kijk hoe Mercurius zijn verhaal voortzet -> CH3_IO08
CH3_IO07_ROB;CH3;4907;Urenlang Waakzaam;Robur-route: urenlang waakzaam blijven. Schrijft de dode flag ch3_io07_route=robur.;;;ch3_io07_route=robur;;;;;;;;;1;Kijk hoe Mercurius zijn verhaal voortzet -> CH3_IO08
CH3_IO07_GRA;CH3;4924;Een Vriendelijk Woord;Gratia-route: een nieuwsgierige herder wegpraten. Schrijft de dode flag ch3_io07_route=gratia.;;;ch3_io07_route=gratia;;;;;;;;;1;Kijk hoe Mercurius zijn verhaal voortzet -> CH3_IO08
CH3_IO08;CH3;4941;De Herder met de Fluit;Mercurius sust Argus in slaap met fluitspel en trage verhalen. Poortwachter: bijstelling-puzzel.;;;;;;;;puzzle_ch3io_bijstelling;;;;1;Kijk wat Mercurius doet zodra Argus eindelijk volledig slaapt -> CH3_IO09
CH3_IO09;CH3;4960;"Honderd Ogen, voor het Laatst Gesloten";Mercurius doodt de slapende Argus en bevrijdt Io.;;;;;;;;;;;;1;Kijk hoe Juno haar trouwe wachter eert -> CH3_IO10
CH3_IO10;CH3;4979;Honderd Ogen op een Pauwenstaart;Juno plaatst Argus' honderd ogen op de pauwenstaart en zint op nieuwe wraak.;;;;;;;;;;pauw_ogen_argus.png;;1;Wacht af wat Juno nu bedenkt -> CH3_IO11
CH3_IO11;CH3;4998;De Steekvlieg;"Juno stuurt de steekvlieg; Io rent de wereld rond. Drie routes (volgen / Robur / Gratia).";;;;;;robur 13 | gratia 11;;;;;;3;"Blijf haar volgen, zo goed en kwaad als het gaat -> CH3_IO11_OPEN | Houd het moordende tempo urenlang vol, dwars over bergen en kusten, zonder ooit te pauzeren -> CH3_IO11_ROB | Win onderweg herders en boeren voor je — hun gastvrijheid en aanwijzingen leggen haar spoor sneller bloot -> CH3_IO11_GRA"
CH3_IO11_OPEN;CH3;5016;Bijgebleven;Open route: haar spoor zo goed mogelijk volgen. Schrijft de dode flag ch3_io11_route=open.;;;ch3_io11_route=open;;;;;;;;;1;Kijk hoe de tocht eindigt -> CH3_IO12
CH3_IO11_ROB;CH3;5033;Het Moordende Tempo;Robur-route: het moordende tempo volhouden. Schrijft de dode flag ch3_io11_route=robur.;;;ch3_io11_route=robur;;;;;;;;;1;Kijk hoe de tocht eindigt -> CH3_IO12
CH3_IO11_GRA;CH3;5050;Vreemde Vriendelijkheid;Gratia-route: herders en boeren voor je winnen. Schrijft de dode flag ch3_io11_route=gratia.;;;ch3_io11_route=gratia;;;;;;;;;1;Kijk hoe de tocht eindigt -> CH3_IO12
CH3_IO12;CH3;5067;Aangespoeld in Egypte;Io bereikt uitgeput de oever van de Nijl.;;;;;;;;;;;;1;Kijk wat Jupiter nu onderneemt -> CH3_IO13
CH3_IO13;CH3;5083;Terug in Menselijke Gedaante;"Jupiter zweert af; Io wordt weer mens en in Egypte als godin vereerd. Zet ch3_lijn_io, souvenir (pauwenveer), eretitel.";;io | argus | hermes;ch3_lijn_io=true;;;;souvenir_io;;;;ch3_io;1;Wacht op wat Athena hierover te zeggen heeft -> CH3_IO14
CH3_IO14;CH3;5122;Athena over Europa;"Coda: Athena vertelt over Europa als spiegelbeeld van Io, en noemt Minos alvast.";;europa;;;;;;;;europa_stier.png;;1;Keer terug naar de Boodschapper — Herakles' beproevingen wachten nog -> CH3_000
CH3_H01;CH3;5149;Acht Beproevingen te Gaan;"Lijn Herakles. Acht (nominaal tien) werken te gaan; Eurystheus kondigt de hinde aan. Draagt de enige 'deur'-payoff van het spel (herakles_harnas).";;;;;herakles_harnas;;;;;;;1;Wacht af wat er zo lastig kan zijn aan een hert -> CH3_H02
CH3_H01_HARNAS;CH3;5165;Een Herinnering in Brons;Payoff-deur: Herakles herkent zijn eigen oude harnas om de schouders van de speler en glimlacht. Enige scène in het spel die alleen via een payoff bereikbaar is.;;;;;;;;;;;;1;Wacht af wat er zo lastig kan zijn aan een hert -> CH3_H02
CH3_H02;CH3;5179;De Cerynitische Hinde;De Cerynitische Hinde: een jaar lang geduldig volgen. Poortwachter: genitivus-puzzel.;;;;;;;;puzzle_ch3h_genitivus;;;;1;Kijk hoe die lange achtervolging eindigt -> CH3_H03
CH3_H03;CH3;5198;Gevangen zonder een Wond;"Herakles vangt de hinde ongedeerd; Diana staat het toe op voorwaarde dat hij haar vrijlaat.";;;;;;;;;;;;1;Kijk of Herakles zijn woord houdt -> CH3_H04
CH3_H04;CH3;5214;De Erymanthische Ever;"De Erymanthische Ever; onderweg opent de centaur Pholus de gemeenschappelijke wijn.";;pholus;;;;;;;;;;1;Kijk hoe Herakles zich verdedigt tegen de woedende kudde -> CH3_H05
CH3_H05;CH3;5233;De Centaurenstrijd;De dronken centauren vallen aan. Combat-bridge.;;;;;;;;;centauren;;;1;Kijk wat de vergiftigde pijlen hebben aangericht -> CH3_H06
CH3_H06;CH3;5250;Chiron;"Een verdwaalde gifpijl treft Chiron, die onsterfelijk is en dus niet kan sterven. Drie houdingskeuzes.";;;;;;;;;;;;3;"Voel intens medelijden met Chiron, gestraft voor andermans dronkenschap -> CH3_H07 | Erken de wrede ironie zonder je erin te laten meeslepen — Herakles moet door -> CH3_H07 | Weet niet goed hoe je dit noodlot moet plaatsen -> CH3_H07"
CH3_H07;CH3;5268;Een Onsterfelijkheid Weggegeven;Vooruitwijzing: Chiron zal zijn onsterfelijkheid aan Prometheus afstaan.;;;;;;;;;;;;1;Ga de ever achterna -> CH3_H07B
CH3_H07B;CH3;5287;De Sneeuwjacht;De ever moet uitgeput worden. Drie routes (volhouden / Robur / Vis).;;;;;;robur 11 | vis 13;;;;;;3;"Blijf gewoon volhouden met achtervolgen tot het dier vanzelf vastloopt -> CH3_H07_OPEN | Ren urenlang mee door de diepe sneeuw, de kou en uitputting doorstaand tot de ever eerder instort dan jij -> CH3_H07_ROB | Dwing het dier met kracht een nauwe bergkloof in waar het geen kant meer op kan -> CH3_H07_VIS"
CH3_H07_OPEN;CH3;5303;Volhouden;Open route: blijven achtervolgen. Schrijft de dode flag ch3_h07_route=open.;;;ch3_h07_route=open;;;;;;;;;1;Kijk hoe Herakles het dier gevangen neemt -> CH3_H07C
CH3_H07_ROB;CH3;5320;Door de Sneeuw;Robur-route: door de diepe sneeuw meerennen. Schrijft de dode flag ch3_h07_route=robur.;;;ch3_h07_route=robur;;;;;;;;;1;Kijk hoe Herakles het dier gevangen neemt -> CH3_H07C
CH3_H07_VIS;CH3;5337;De Kloof;Vis-route: het dier een bergkloof in dwingen. Schrijft de dode flag ch3_h07_route=vis.;;;ch3_h07_route=vis;;;;;;;;;1;Kijk hoe Herakles het dier gevangen neemt -> CH3_H07C
CH3_H07C;CH3;5354;Gevangen;"De ever wordt levend gevangen; Eurystheus duikt zijn bronzen pot in.";;;;;;;;;;;;1;"Ga door naar de volgende, heel andere soort beproeving -> CH3_H08"
CH3_H08;CH3;5368;De Augiasstal;"De Augiasstal; Herakles maakt in het geheim een afspraak met Augias. Poortwachter: dativus-puzzel.";;;;;;;;puzzle_ch3h_dativus;;;;1;Kijk hoe Herakles het onmogelijke voor elkaar krijgt -> CH3_H09
CH3_H09;CH3;5387;Twee Rivieren Omgeleid;"Twee rivieren omgeleid; Augias breekt zijn belofte en Eurystheus keurt de taak af.";;;;;;;;;;augiasstal.png;;1;"Ga door naar de zesde beproeving, ondanks de onrechtvaardige afwijzing -> CH3_H10"
CH3_H10;CH3;5409;De Stymfalische Vogels;"De Stymfalische Vogels; Athena brengt Hephaistos' bronzen ratel. Poortwachter: bijstelling-puzzel.";;athena;;;;;;puzzle_ch3h_bijstelling;;;;1;Kijk wat er gebeurt zodra de vogels opvliegen -> CH3_H11
CH3_H11;CH3;5431;Vogels uit het Riet;De vogels stijgen op boven open water. Poortwachter: tweede dativus-puzzel.;;;;;;;;puzzle_ch3h_dativus2;;;;1;Kijk hoe deze beproeving wordt afgesloten -> CH3_H12
CH3_H12;CH3;5448;De Kretenzische Stier;De Kretenzische Stier op Kreta. Combat-bridge.;;;;;;;;;kretenzische_stier;;;1;Kijk waar Herakles de gevangen stier naartoe brengt -> CH3_H13
CH3_H13;CH3;5467;Losgelaten bij Marathon;"De stier wordt losgelaten bij Marathon, met een vooruitwijzing naar Theseus.";;;;;;;;;;;;1;Ga door naar de zevende beproeving -> CH3_H13B
CH3_H13B;CH3;5483;De Wachters van het Paleis;De wachters bij Diomedes' paleis. Drie routes (recht erop af / Gratia / Robur).;;;;;;gratia 13 | robur 11;;;;;;3;"Ga recht op de poort af, er in het open doorheen -> CH3_H13_OPEN | Doe je voor als gezant met een boodschap voor de koning, en praat je met gezag langs de eerste wachtpost -> CH3_H13_GRA | Houd een uitputtende nachtwake vol tot de aflossende wacht slaperig en onoplettend is -> CH3_H13_ROB"
CH3_H13_OPEN;CH3;5499;Recht Erop Af;Open route: recht op de poort af. Schrijft de dode flag ch3_h13_route=open.;;;ch3_h13_route=open;;;;;;;;;1;Kijk hoe Herakles de stallen bereikt -> CH3_H14
CH3_H13_GRA;CH3;5516;De Gezant;Gratia-route: je voordoen als gezant. Schrijft de dode flag ch3_h13_route=gratia.;;;ch3_h13_route=gratia;;;;;;;;;1;Kijk hoe Herakles de stallen bereikt -> CH3_H14
CH3_H13_ROB;CH3;5533;De Nachtwake;Robur-route: een nachtwake volhouden. Schrijft de dode flag ch3_h13_route=robur.;;;ch3_h13_route=robur;;;;;;;;;1;Kijk hoe Herakles de stallen bereikt -> CH3_H14
CH3_H14;CH3;5550;De Merries van Diomedes;De mensenetende merries van Diomedes van Thracië. Combat-bridge.;;;;;;;;;merries_van_diomedes;;;1;Kijk hoe Herakles de merries uiteindelijk kalmeert -> CH3_H15
CH3_H15;CH3;5569;Poëtische Gerechtigheid;"Diomedes wordt aan zijn eigen merries gevoerd; ze worden kalm.";;;;;;;;;;;;1;Ga door naar de achtste beproeving -> CH3_H16
CH3_H16;CH3;5585;De Gordel van Hippolyte;De gordel van Hippolyte wordt vrijwillig aangeboden. Drie houdingskeuzes.;;;;;;;;;;;;3;"Vertrouw op deze vreedzame afloop, opgelucht dat het geweld hier uitblijft -> CH3_H17 | Blijf op je hoede — na alles wat je hebt gezien, wantrouw je een te gemakkelijke afloop -> CH3_H17 | Wacht simpelweg af of het inderdaad zo eenvoudig blijft -> CH3_H17"
CH3_H17;CH3;5603;Juno's Laatste List;"Juno's list doet de Amazones aanvallen; Hippolyte sterft. Combat-bridge.";;;;;;;;;amazones;;;1;"Draag de gordel mee, zwaarder dan hij had moeten zijn -> CH3_H18"
CH3_H18;CH3;5622;Het Vee van Geryon;"Het vee van Geryon in het uiterste westen; de Zuilen van Herakles ontstaan.";;;;;;;;;;;;1;Kijk hoe Herakles de kudde probeert te bemachtigen -> CH3_H19
CH3_H19;CH3;5638;"Drie Lichamen, Eén Val";Geryon met zijn drie lichamen verdedigt zijn kudde. Combat-bridge.;;;;;;;;;geryon;;;1;Drijf de veroverde kudde helemaal terug naar Mycene -> CH3_H20
CH3_H20;CH3;5655;De Appels van de Hesperiden;De appels van de Hesperiden en de draak Ladon. Poortwachter: tweede genitivus-puzzel.;;;;;;;;puzzle_ch3h_genitivus2;;;;1;Kijk hoe Herakles daarna de appels zelf probeert te bemachtigen -> CH3_H21
CH3_H21;CH3;5674;De Last van Atlas;Atlas plukt de appels terwijl Herakles de hemel draagt. Poortwachter: tweede bijstelling-puzzel.;;;;;;;;puzzle_ch3h_bijstelling2;;atlas_hemel.png;;1;Kijk hoe Herakles zich uit deze list weet te redden -> CH3_H22
CH3_H22;CH3;5696;De Hemel Teruggegeven;Herakles doorziet Atlas' list en neemt de appels mee.;;;;;;;;;;;;1;Wacht af wat Eurystheus voor de twaalfde en laatste taak heeft bedacht -> CH3_H23
CH3_H23;CH3;5715;De Twaalfde Taak;De twaalfde taak: Cerberus levend halen zonder wapens.;;hermes;;;;;;;;;;1;Daal af naar de poort van de onderwereld -> CH3_H23B
CH3_H23B;CH3;5734;De Tocht Door het Duister;De tocht door het duister van de onderwereld. Twee routes (begeleid / Robur 15) — enige tweewegsplitsing van dit type.;;;;;;robur 15;;;;;;2;"Laat Athena en Mercurius je stap voor stap veilig door het duister begeleiden -> CH3_H23_OPEN | Leg de tocht alleen af, op eigen doorzettingsvermogen, en verdraag de verstikkende zwaarte zonder te wankelen -> CH3_H23_ROB"
CH3_H23_OPEN;CH3;5749;Begeleid Door Bondgenoten;Open route: begeleid door Athena en Mercurius. Schrijft de dode flag ch3_h23_route=open.;;;ch3_h23_route=open;;;;;;;;;1;Kijk hoe Herakles tegenover Cerberus komt te staan -> CH3_H24
CH3_H23_ROB;CH3;5766;Alleen Door de Duisternis;Robur-route: alleen door de duisternis. Schrijft de dode flag ch3_h23_route=robur.;;;ch3_h23_route=robur;;;;;;;;;1;Kijk hoe Herakles tegenover Cerberus komt te staan -> CH3_H24
CH3_H24;CH3;5783;"Cerberus, aan de Poort van de Onderwereld";Cerberus aan de poort van de onderwereld. Combat-bridge.;;;;;;;;;cerberus;;;1;Kijk hoe Herakles het driekoppige beest weet te overmeesteren -> CH3_H25
CH3_H25;CH3;5802;Twaalf Werken Volbracht;"Alle twaalf werken volbracht; Herakles geeft de speler een gouden appel. Zet ch3_lijn_herakles + de dode flag herakles_taken_voltooid=12, souvenir, eretitel.";;herakles;ch3_lijn_herakles=true | herakles_taken_voltooid=12;;;;souvenir_herakles_labores;;;cerberus_voltooid.png;ch3_herakles_labores;1;Keer terug naar de Boodschapper -> CH3_000
CH3_ATHENA;CH3;5844;Wat Vrijheid Werkelijk Betekent;Fragmenten-gate: Athena over twee soorten vrijheid. Eerste gebruik van {tendency_address_cap}.;;athena;;;;;;;;athena_mentor_ch3.png;ch3_athena_gesprek;1;Laat haar woorden bezinken -> CH3_ORAKEL
CH3_ORAKEL;CH3;5869;Het Orakel Keert Terug;Het Orakel vat beide verhalen samen.;;;;;;;;;;;;1;Luister verder -> CH3_EINDE
CH3_EINDE;CH3;5892;Het Einde van Hoofdstuk 3;"Hoofdstukafsluiting; de poort naar Hoofdstuk 4 opent.";;;;;;;;;;;;1;Stap door de poort -> CH4_000
CH4_000;CH4;5929;Het Labyrint van Herinneringen;Hub van Hoofdstuk 4 (de gebroken belofte). Twee [DONE]-lijnen (Theseus / Phaëthon) plus een [REQUIRE:fragments=8]-gate.;;;;;ch4_lijn_theseus | ch4_lijn_phaethon;;;;;;;3;"Volg Theseus naar Kreta, waar een labyrint en een monster op hem wachten -> CH4_T01 | Volg Phaëthon, die aan zijn eigen afkomst twijfelt -> CH4_P01 | Spreek het Orakel aan, nu beide verhalen zijn gehoord -> CH4_ATHENA"
CH4_T01;CH4;5950;Een Belofte in Athene;"Lijn Theseus. Athene betaalt al negen jaar veertien levens aan Kreta; Theseus meldt zich vrijwillig. Drie houdingskeuzes.";;theseus | aegeus;;;;;;;;;;3;"Voel vooral medelijden met Aegeus, die zijn net teruggevonden zoon dreigt te verliezen -> CH4_T02 | Erken nuchter dat iemand dit moet doen, en dat vrijwilligers zeldzaam zijn -> CH4_T02 | Voel de spanning tussen trots en angst, zonder een duidelijke kant te kiezen -> CH4_T02"
CH4_T02;CH4;5971;De Belofte van de Zeilen;Aegeus laat Theseus beloven witte zeilen te hijsen. Poortwachter: infinitivus-puzzel.;;;;;;;;puzzle_ch4t_infinitivus;;aegeus_belofte_zeilen.png;;1;Vaar mee naar Kreta -> CH4_T03
CH4_T03;CH4;5993;Aankomst op Kreta;"Aankomst in Knossos; Ariadne ziet Theseus voor het eerst.";;ariadne | minos | daidalos;;;;;;;;;;1;Kijk wat Ariadne besluit te doen -> CH4_T04
CH4_T04;CH4;6012;Het Monster in het Labyrint;De herkomst van de Minotaurus: Minos' eigen gebroken belofte aan Neptunus.;;;;;;;;;;;;1;Kijk wat Ariadne voor Theseus overheeft -> CH4_T05
CH4_T05;CH4;6031;Ariadne's Keuze;"Ariadne krijgt van Daidalos het garen en geeft het Theseus, in ruil voor de belofte haar mee te nemen. Drie houdingskeuzes.";;;;;;;;;;;;3;"Bewonder vooral haar moed om tegen haar eigen vader in te gaan -> CH4_T06 | Erken vooral hoe berekenend haar hulp is — ze vraagt er tenslotte iets voor terug -> CH4_T06 | Twijfel of dit nu liefde is, wanhoop, of iets van beide -> CH4_T06"
CH4_T06;CH4;6049;De Ingang van het Labyrint;Theseus gaat het labyrint in met de draad. Poortwachter: ablativus-puzzel.;;;;;;;;puzzle_ch4t_ablativus;;;;1;"Ga het duister in, op het geluid af -> CH4_T06B"
CH4_T06B;CH4;6068;De Eerste Splitsing;"De eerste splitsing; Ariadne's aanwijzing was 'links'. Echte leesval: links is goed, rechts leidt naar een doodlopende lus.";;;;;;;;;;;;2;Houd links aan -> CH4_T07 | Ga naar rechts -> CH4_T06R1
CH4_T06R1;CH4;6083;De Verkeerde Afslag;Faalpad 1: de gang naar rechts versmalt en het garen slinkt sneller dan verwacht.;;;;;;;;;;;;1;"Loop door, er is toch geen weg terug zonder het monster onder ogen te komen -> CH4_T06R2"
CH4_T06R2;CH4;6099;Het Garen Raakt Op;"Faalpad 2: het garen is op; er is geen weg terug meer.";;;;;;;;;;;;1;Zoek wanhopig verder naar een uitweg -> CH4_T06R3
CH4_T06R3;CH4;6115;In het Duister Gevangen;"Faalpad 3: de Minotaurus nadert; de enige uitweg is de tocht opnieuw beginnen bij CH4_T06B. Falen = herhaling, geen ander verhaal.";;;;;;;;;;;;1;Begin de tocht door het labyrint opnieuw -> CH4_T06B
CH4_T07;CH4;6131;De Minotaurus;De Minotaurus in het hart van het labyrint. Combat-bridge.;;;;;;;;;minotaurus;;;1;Kijk wat er van het monster overblijft -> CH4_T08
CH4_T08;CH4;6148;Terug langs de Draad;"Terug langs de draad; veertien uitgeputte mensen moeten ongezien naar de haven. Drie routes (sluipen / Robur / Gratia).";;;;;;robur 13 | gratia 11;;;;theseus_garen_terug.png;;3;"Sluip via achterstraatjes en olijfgaarden — trager, maar veilig -> CH4_T08_OPEN | Draag een van de uitgeputte offerlingen, die het tempo niet meer bijhoudt, het laatste stuk zelf -> CH4_T08_ROB | Praat een achterdochtige wachter bij de kade om met een overtuigend verhaal -> CH4_T08_GRA"
CH4_T08_OPEN;CH4;6167;Achterstraatjes en Olijfgaarden;Open route: achterstraatjes en olijfgaarden. Schrijft de dode flag ch4_t08_route=open.;;;ch4_t08_route=open;;;;;;;;;1;Vaar weg van Kreta -> CH4_T09
CH4_T08_ROB;CH4;6184;De Laatste Meters;Robur-route: een offerling zelf dragen. Schrijft de dode flag ch4_t08_route=robur.;;;ch4_t08_route=robur;;;;;;;;;1;Vaar weg van Kreta -> CH4_T09
CH4_T08_GRA;CH4;6201;Een Overtuigend Verhaal;Gratia-route: een wachter met een verzonnen verhaal ompraten. Schrijft de dode flag ch4_t08_route=gratia.;;;ch4_t08_route=gratia;;;;;;;;;1;Vaar weg van Kreta -> CH4_T09
CH4_T09;CH4;6218;Naxos;Op Naxos vaart Theseus zonder de slapende Ariadne verder. Drie houdingskeuzes.;;;;;;;;;;;;3;"Voel vooral woede namens Ariadne, die dit niet verdiende -> CH4_T10 | Zoek naar begrip voor Theseus, die net een monster heeft overleefd en amper meer helder kan denken -> CH4_T10 | Laat het oordeel voorlopig in het midden -> CH4_T10"
CH4_T10;CH4;6236;Bacchus Vindt Ariadne;"Bacchus vindt Ariadne, trouwt met haar en plaatst haar kroon tussen de sterren.";;ariadne;;;;;;;;bacchus_ariadne_naxos.png;;1;"Keer terug naar Theseus, die niet weet wat hij heeft achtergelaten -> CH4_T11"
CH4_T11;CH4;6261;Minos' Wraak;Minos sluit Daidalos en Ikaros op in het labyrint.;;ikaros;;;;;;;;;;1;Kijk hoe Daidalos zijn eigen gevangenschap probeert te ontlopen -> CH4_T11B
CH4_T11B;CH4;6278;Was en Veren;Materiaal voor de vleugels moet verzameld worden. Drie routes (geduld / Robur / Gratia 15).;;;;;;robur 13 | gratia 15;;;;;;3;"Verzamel geduldig, dag na dag, wat toevallig aanwaait -> CH4_T11_OPEN | Doorsta het meedogenloze, urenlange werk van veren sorteren en was smelten zonder rust -> CH4_T11_ROB | Overtuig een bewaker om stiekem extra was en linnen naar binnen te smokkelen -> CH4_T11_GRA"
CH4_T11_OPEN;CH4;6294;Wat Toevallig Aanwaait;Open route: verzamelen wat aanwaait. Schrijft de dode flag ch4_t11_route=open.;;;ch4_t11_route=open;;;;;;;;;1;Kijk hoe Daidalos de vleugels vlecht -> CH4_T12
CH4_T11_ROB;CH4;6311;Zonder Rust;Robur-route: urenlang veren sorteren en was smelten. Schrijft de dode flag ch4_t11_route=robur.;;;ch4_t11_route=robur;;;;;;;;;1;Kijk hoe Daidalos de vleugels vlecht -> CH4_T12
CH4_T11_GRA;CH4;6328;Stiekem Gesmokkeld;Gratia-route: een bewaker laten smokkelen. Schrijft de dode flag ch4_t11_route=gratia.;;;ch4_t11_route=gratia;;;;;;;;;1;Kijk hoe Daidalos de vleugels vlecht -> CH4_T12
CH4_T12;CH4;6345;Vleugels van Veren en Was;Daidalos bindt de vleugels en waarschuwt Ikaros voor de middenweg.;;;;;;;;;;;;1;Kijk hoe de vlucht begint -> CH4_T13
CH4_T13;CH4;6361;De Val van Ikaros;"Ikaros stijgt te hoog, de was smelt en hij valt. Poortwachter: vocativus-puzzel.";;;;;;;;puzzle_ch4t_vocativus;;val_van_ikaros.png;;3;Voel vooral verdriet om een vader die zijn zoon niet kon redden -> CH4_T14 | Erken nuchter dat een gewaarschuwde zoon ook zelf verantwoordelijkheid draagt -> CH4_T14 | Weet niet goed bij wie het verdriet of de schuld het zwaarst hoort te wegen -> CH4_T14
CH4_T14;CH4;6387;Daidalos in Sicilië;Daidalos landt alleen op Sicilië en begraaft zijn zoon.;;daidalos | ikaros;;;;;;;;;;1;"Keer terug naar het schip van Theseus, dat inmiddels Athene nadert -> CH4_T15"
CH4_T15;CH4;6407;Het Zwarte Zeil;"Theseus vergeet de zeilen te verwisselen; Aegeus staat op de klippen.";;;;;;;;;;;;1;Kijk wat Aegeus doet -> CH4_T16
CH4_T16;CH4;6423;De Zee van Aegeus;"Aegeus springt in zee, die zijn naam krijgt; Theseus wordt koning op de dag dat hij zijn vader verliest. Zet ch4_lijn_theseus, souvenir (stukje garen), eretitel.";;theseus | aegeus | minos;ch4_lijn_theseus=true;;;;souvenir_theseus;;;aegeus_sprong_zee.png;ch4_theseus_labyrint;1;Keer terug naar de Boodschapper — Phaëthons verhaal wacht nog -> CH4_000
CH4_P01;CH4;6465;Twijfel aan een Vader;"Lijn Phaëthon. Epaphus bespot Phaëthons afkomst; hij reist naar het Paleis van de Zon.";;phaethon | epaphus;;;;;;;;;;1;Volg Phaëthon op zijn tocht naar het oosten -> CH4_P02
CH4_P02;CH4;6484;Het Paleis van de Zon;Sol herkent zijn zoon en zweert bij de Styx elke wens in te willigen — vóór hij de vraag kent.;;sol;;;;;;;;;;1;Kijk welke wens Phaëthon uitspreekt -> CH4_P03
CH4_P03;CH4;6503;Een Onmogelijke Wens;Phaëthon vraagt de zonnewagen te mogen mennen. Poortwachter: imperfectum-puzzel. Drie houdingskeuzes.;;;;;;;;puzzle_ch4p_imperfectum;;;;3;"Voel vooral medelijden met Sol, die zichzelf in de val heeft gepraat -> CH4_P04 | Erken nuchter dat een eed nu eenmaal een eed is, hoe onverstandig ook -> CH4_P04 | Twijfel of Sol dit wel had mogen beloven voor hij de vraag zelfs kende -> CH4_P04"
CH4_P04;CH4;6524;De Zonnewagen;Phaëthon verliest de wagen bijna onmiddellijk uit controle.;;;;;;;;;;;;1;Kijk waar de wagen naartoe raast -> CH4_P05
CH4_P05;CH4;6540;De Aarde in Vlammen;"De aarde verbrandt; de Sahara ontstaat.";;;;;;;;;;;;1;Kijk wie deze ramp uiteindelijk moet stoppen -> CH4_P06
CH4_P06;CH4;6556;Tellus Smeekt om Hulp;Tellus smeekt Jupiter in te grijpen. Drie routes — hier geen fysieke handeling maar drie manieren van kijken (open / Gratia / Robur).;;tellus;;;;gratia 13 | robur 11;;;;;;3;"Kijk hoe Tellus haar smeekbede uit, en hoe Jupiter luistert -> CH4_P06_OPEN | Merk op hóe Tellus Jupiter overtuigt, niet alleen wát ze zegt -> CH4_P06_GRA | Merk op wát het volhouden haar al gekost heeft voor ze sprak -> CH4_P06_ROB"
CH4_P06_OPEN;CH4;6575;Een Smeekbede Gehoord;Open route: haar woorden horen zoals ze bedoeld zijn. Schrijft de dode flag ch4_p06_route=open.;;;ch4_p06_route=open;;;;;;;;;1;Kijk hoe Jupiter reageert -> CH4_P07
CH4_P06_GRA;CH4;6592;Een Gedeeld Belang;Gratia-route: zien dat ze niet smeekt maar redeneert. Schrijft de dode flag ch4_p06_route=gratia.;;;ch4_p06_route=gratia;;;;;;;;;1;Kijk hoe Jupiter reageert -> CH4_P07
CH4_P06_ROB;CH4;6609;Wat het Haar Kostte;Robur-route: zien wat het spreken haar kost. Schrijft de dode flag ch4_p06_route=robur.;;;ch4_p06_route=robur;;;;;;;;;1;Kijk hoe Jupiter reageert -> CH4_P07
CH4_P07;CH4;6626;Jupiters Bliksem;Jupiter slingert zijn bliksem en velt Phaëthon. Poortwachter: perfectum-puzzel. Drie houdingskeuzes.;;;;;;;;puzzle_ch4p_perfectum;;phaethon_bliksem.png;;3;"Vind Jupiters daad gerechtvaardigd, hoe hard ook -> CH4_P08 | Blijf medelijden voelen met Phaëthon, ondanks alles -> CH4_P08 | Erken dat er hier geen echt goede uitkomst meer mogelijk was -> CH4_P08"
CH4_P08;CH4;6648;De Rivier Eridanus;Phaëthon valt in de Eridanus.;;;;;;;;;;;;1;Kijk wie er rouwt om zijn dood -> CH4_P09
CH4_P09;CH4;6662;De Heliaden;"De Heliaden veranderen in populieren; hun tranen worden amber.";;phaethon | sol;;;;;;;;heliaden_populieren.png;;1;Kijk wie er nog meer treurt -> CH4_P10
CH4_P10;CH4;6687;Cycnus wordt een Zwaan;"Cycnus wordt een zwaan. Zet ch4_lijn_phaethon, souvenir (amberdruppel), eretitel.";;;ch4_lijn_phaethon=true;;;;souvenir_phaethon;;;;ch4_phaethon;1;Keer terug naar de Boodschapper — Theseus' verhaal wacht nog -> CH4_000
CH4_ATHENA;CH4;6718;Athena over Twee Beloften;Fragmenten-gate: Athena over twee vaders en twee beloften. Gebruikt {tendency_address}.;;;;;;;;;;;ch4_athena_gesprek;1;Laat haar woorden bezinken -> CH4_ORAKEL
CH4_ORAKEL;CH4;6737;Het Orakel Keert Terug;Het Orakel vat beide verhalen samen.;;;;;;;;;;;;1;Luister verder -> CH4_EINDE
CH4_EINDE;CH4;6760;Het Einde van Hoofdstuk 4;"Hoofdstukafsluiting; de poort naar Hoofdstuk 5 opent.";;;;;;;;;;;;1;Stap door de poort -> CH5_000
CH5_000;CH5;6832;Het Gulden Vlies;"Opening van Hoofdstuk 5 — geen hub meer, maar één doorlopend tochtenlogboek. Athena wijst er expliciet op te letten wie er aan boord staat.";;;;;;;;;;;;1;Volg Jason naar de haven van Iolcus -> CH5_001
CH5_001;CH5;6854;De Uitdaging van Pelias;"Pelias stuurt Jason naar Colchis; de oproep gaat door heel Griekenland.";;jason;;;;;;;;;;1;Kijk wie er allemaal op die oproep afkomen -> CH5_002
CH5_002;CH5;6873;De Bemanning van de Argo;"Verzamelmoment: de bemanning van de Argo loopt binnen — Peleus, Telamon, Laertes en scheepsbouwer Argos. Geen enkele relatie of flag wordt vastgelegd.";;peleus | telamon | laertes | argos;;;;;;;;argo_bemanning.png;;1;Kijk wie er nog meer aan boord stapt -> CH5_003
CH5_003;CH5;6898;Een Bekend Gezicht;"Cameo: Theseus meldt zich aan, nog vóór het verhaal dat de speler al kent. Drie houdingskeuzes.";;;;;;;;;;;;3;"Zoek in zijn ogen naar een spoor van wat hij nog gaat vergeten -> CH5_004 | Bekijk hem nuchter als gewoon nog een bemanningslid, niets meer -> CH5_004 | Laat het vreemde gevoel van iets-weten-wat-hij-niet-weet gewoon op je inwerken -> CH5_004"
CH5_004;CH5;6916;Een Korte Lont;"Cameo: Tydeus' korte lont, met een ruzie op het dek.";;tydeus;;;;;;;;;;1;Kijk hoe de tocht wordt voorbereid -> CH5_004B
CH5_004B;CH5;6935;Een Plek Aan Boord;De speler krijgt een plek aan boord toegewezen. Drie routes (vrije bank / Vis / Prudentia).;;;;;;vis 11 | prudentia 13;;;;;;3;Neem gewoon de eerstvolgende vrije bank -> CH5_004_OPEN | Zet je rug tegen een testroeispaan en overtuig de stuurman met pure kracht dat je een voorste bank verdient -> CH5_004_VIS | Wijs de stuurman op een slimmere indeling — wie qua humeur en gewicht beter naast wie past -> CH5_004_PRU
CH5_004_OPEN;CH5;6951;Een Vrije Bank;Open route: de eerstvolgende vrije bank. Schrijft de dode flag ch5_004_route=open.;;;ch5_004_route=open;;;;;;;;;1;Kijk hoe de tocht wordt voorbereid -> CH5_005
CH5_004_VIS;CH5;6968;Bewezen Kracht;Vis-route: een voorste bank verdienen. Schrijft de dode flag ch5_004_route=vis.;;;ch5_004_route=vis;;;;;;;;;1;Kijk hoe de tocht wordt voorbereid -> CH5_005
CH5_004_PRU;CH5;6985;Een Slimmere Indeling;Prudentia-route: een slimmere bankindeling voorstellen. Schrijft de dode flag ch5_004_route=prudentia.;;;ch5_004_route=prudentia;;;;;;;;;1;Kijk hoe de tocht wordt voorbereid -> CH5_005
CH5_005;CH5;7002;De Stuurman Wijst de Plaatsen;De stuurman wijst de plaatsen. Poortwachter: nominativus-puzzel.;;;;;;;;puzzle_ch5_nominativus;;;;1;Vaar uit Iolcus weg -> CH5_006
CH5_006;CH5;7019;Het Vertrek;"Vertrek uit Iolcus; Argos deelt reisharnas en hoofddoek uit aan de hele bemanning. Zet ch5_bemanning_uitrusting (ontgrendelt armor:middel + helm:bandana).";;;ch5_bemanning_uitrusting=true;;;;armor:middel | helm:bandana;;;;;1;Vaar de open zee op -> CH5_007
CH5_007;CH5;7038;Cyzicus;"Cyzicus: het everzwijn moet gedood; Atalanta en Meleager melden zich beiden.";;atalanta | meleager;;;;;;;;;;1;Kijk wie het everzwijn het eerst weet te vinden -> CH5_008
CH5_008;CH5;7057;Met Wie Kijk Je Mee?;Perspectiefkeuze: met Atalanta of met Meleager meejagen. Beide takken zijn één scène lang en komen meteen samen.;;;;;;;;;;;;2;"Volg Atalanta, die op haar eigen spoor jaagt -> CH5_008A | Volg Meleager, die met de groep meejaagt -> CH5_008B"
CH5_008A;CH5;7072;Atalanta's Spoor;"Atalanta's spoor: stil, geduldig, sporen lezend.";;;;;;;;;;;;1;Kijk hoe de jacht samenkomt -> CH5_008C
CH5_008B;CH5;7088;Meleagers Groep;"Meleagers groep: luidruchtig, met aanstekelijke moed.";;;;;;;;;;;;1;Kijk hoe de jacht samenkomt -> CH5_008C
CH5_008C;CH5;7104;Het Zwijn Snijdt Af;"De jachtgroepen komen samen; het zwijn dreigt een zijpad te vinden. Drie routes (groep / Agilitas / Vis).";;;;;;agilitas 11 | vis 13;;;;;;3;"Blijf dicht bij de groep en help mee waar nodig -> CH5_008_OPEN | Glip snel door een nauwe rotsspleet om de kortste ontsnappingsroute af te snijden -> CH5_008_AGI | Duw een losse rotsblok of omgevallen boomstam om, om het dier fysiek terug de kloof in te dwingen -> CH5_008_VIS"
CH5_008_OPEN;CH5;7120;Bij de Groep;Open route: meehelpen bij de groep. Schrijft de dode flag ch5_008_route=open.;;;ch5_008_route=open;;;;;;;;;1;Kijk hoe de jacht samenkomt -> CH5_009
CH5_008_AGI;CH5;7137;Door de Rotsspleet;Agilitas-route: door een rotsspleet de uitweg afsnijden. Schrijft de dode flag ch5_008_route=agilitas.;;;ch5_008_route=agilitas;;;;;;;;;1;Kijk hoe de jacht samenkomt -> CH5_009
CH5_008_VIS;CH5;7154;De Rotsblok;Vis-route: een rotsblok omduwen. Schrijft de dode flag ch5_008_route=vis.;;;ch5_008_route=vis;;;;;;;;;1;Kijk hoe de jacht samenkomt -> CH5_009
CH5_009;CH5;7171;Het Everzwijn;"Atalanta raakt eerst, Meleager velt; geen van beiden claimt de eer. Poortwachter: accusativus-puzzel.";;;;;;;;puzzle_ch5_accusativus;;everzwijn_cyzicus.png;;1;Kijk hoe de koning van Cyzicus reageert -> CH5_010
CH5_010;CH5;7193;Twee Namen om te Onthouden;Coda: twee namen om te onthouden — Atalanta en Meleager samen bij de reling.;;;;;;;;;;;;1;"Vaar verder, naar het land van de Bebryciërs -> CH5_011"
CH5_011;CH5;7212;De Uitdaging van Amycus;"Bebryciërs: koning Amycus eist een bokswedstrijd; Kastor en Polydeukes stappen naar voren.";;kastor_polydeukes;;;;;;;;;;1;Kijk wat Amycus over zijn eigen rijk te zeggen heeft voor het gevecht begint -> CH5_012
CH5_012;CH5;7231;Het Rijk van Amycus;Amycus buldert zijn eigen faam rond. Poortwachter: genitivus-puzzel.;;;;;;;;puzzle_ch5_genitivus;;;;1;Kijk hoe het gevecht verloopt -> CH5_013
CH5_013;CH5;7248;Polydeukes tegen Amycus;Polydeukes tegen Amycus. Combat-bridge.;;;;;;;;;amycus;;;1;Kijk wat er van Amycus' rijk wordt na zijn nederlaag -> CH5_014
CH5_014;CH5;7265;Een Reus Geveld;"Amycus valt; zijn volk verwelkomt de Argonauten als bevrijders. Drie houdingskeuzes.";;;;;;;;;;polydeukes_amycus.png;;3;"Vaar verder, naar de kust van Mysië -> CH5_015 | Vaar verder — een tiran minder op de kaart, verder geen traan aan verspild -> CH5_015 | Vaar verder, zonder er verder nog bij stil te staan -> CH5_015"
CH5_015;CH5;7287;Herakles Blijft Achter;Mysië: Hylas verdwijnt in de bron en Herakles blijft achter — het schip vaart zonder hem verder.;;;;;;;;;;hylas_nimfen.png;;1;Vaar verder zonder Herakles -> CH5_016
CH5_016;CH5;7306;De Symplegades;"De Symplegades; Argos bestudeert het ritme van de botsende rotsen.";;;;;;;;;;;;1;Kijk hoe Argos de doortocht voorbereidt -> CH5_016B
CH5_016B;CH5;7322;Vlak Voor de Doortocht;Voorbereiding van de doortocht. Drie routes (aan Argos laten / Agilitas / Vis).;;;;;;agilitas 13 | vis 11;;;;;;3;"Laat Argos alleen bepalen -> CH5_016_OPEN | Klim zelf op de boeg om van dichtbij het ritme van de rotsen te lezen en Argos' inschatting scherper te maken -> CH5_016_AGI | Help de riemen en touwen alvast op kracht voorspannen, zodat de bemanning bij het teken meteen voluit kan trekken -> CH5_016_VIS"
CH5_016_OPEN;CH5;7338;Argos' Woord;Open route: het oordeel aan Argos laten. Schrijft de dode flag ch5_016_route=open.;;;ch5_016_route=open;;;;;;;;;1;Kijk hoe Argos de doortocht voorbereidt -> CH5_017
CH5_016_AGI;CH5;7355;Op de Boeg;Agilitas-route: vanaf de boeg het ritme meetellen. Schrijft de dode flag ch5_016_route=agilitas.;;;ch5_016_route=agilitas;;;;;;;;;1;Kijk hoe Argos de doortocht voorbereidt -> CH5_017
CH5_016_VIS;CH5;7372;Voorgespannen;Vis-route: riemen en touwen voorspannen. Schrijft de dode flag ch5_016_route=vis.;;;ch5_016_route=vis;;;;;;;;;1;Kijk hoe Argos de doortocht voorbereidt -> CH5_017
CH5_017;CH5;7389;Argos Verstevigt het Schip;Argos verstevigt de romp. Poortwachter: ablativus-puzzel (nieuw type: tile-swap).;;;;;;;;puzzle_ch5_ablativus;;;;1;Vaar op het juiste moment de Symplegades in -> CH5_018
CH5_018;CH5;7406;Tussen de Rotsen Door;"De Argo schiet tussen de rotsen door; sindsdien staan de Symplegades stil.";;;;;;;;;;symplegades_doortocht.png;;1;"Vaar verder, langs de kust van de Zwarte Zee -> CH5_019"
CH5_019;CH5;7428;Gespannen Riemen;Cameo: Orpheus. Tydeus dreigt weer te ontploffen. Drie routes (toekijken / Vis / Prudentia).;;orpheus;;;;vis 13 | prudentia 11;;;;;;3;Kijk toe hoe de situatie zich ontwikkelt -> CH5_019_OPEN | Grijp Tydeus' arm vast voordat de vuist valt -> CH5_019_VIS | Merk de oplopende spanning eerder op en sus de roeier met het juiste woord voordat het escaleert -> CH5_019_PRU
CH5_019_OPEN;CH5;7447;Orpheus Grijpt In;Open route: Orpheus' lier sust de ruzie vanzelf. Schrijft de dode flag ch5_019_route=open.;;;ch5_019_route=open;;;;;;;;;1;Laat de avond verder in stilte voorbijgaan -> CH5_020
CH5_019_VIS;CH5;7464;Voordat de Vuist Valt;Vis-route: Tydeus' arm vastgrijpen. Schrijft de dode flag ch5_019_route=vis.;;;ch5_019_route=vis;;;;;;;;;1;Laat de avond verder in stilte voorbijgaan -> CH5_020
CH5_019_PRU;CH5;7481;Vóór het Escaleert;Prudentia-route: de spanning vóór het escaleert wegnemen. Schrijft de dode flag ch5_019_route=prudentia.;;;ch5_019_route=prudentia;;;;;;;;;1;Laat de avond verder in stilte voorbijgaan -> CH5_020
CH5_020;CH5;7498;Raad en Richting;"Cameo: Nestor geeft koersadvies, Philoktetes oefent zijn boogschot.";;nestor | philoktetes;;;;;;;;;;1;Vraag Philoktetes om zijn precisie nog eens te bewijzen -> CH5_021
CH5_021;CH5;7517;Een Pijl voor de Godin;Philoktetes wijdt zijn pijl aan de jachtgodin. Poortwachter: dativus-puzzel.;;;;;;;;puzzle_ch5_dativus;;;;1;Vaar de laatste etappe naar Colchis -> CH5_022
CH5_022;CH5;7534;Twee Namen voor Later;Vooruitwijzing: Nestor en Philoktetes zullen ooit samen genoemd worden.;;;;;;;;;;;;1;Vaar de haven van Colchis binnen -> CH5_023
CH5_023;CH5;7551;Colchis;"Colchis; Aeëtes ontvangt de Argonauten koel, Medea ziet Jason.";;medea | aeetes;;;;;;;;medea_aeetes_colchis.png;;1;Kijk welke voorwaarde Aeëtes aan het Vlies verbindt -> CH5_024
CH5_024;CH5;7573;De Beproevingen van Aeëtes;"De beproevingen van Aeëtes; Medea geeft zalf en raad. Drie routes (zijlijn / Vis / Agilitas).";;;;;;vis 13 | agilitas 13;;;;;;3;Kijk toe hoe Jason zich staande houdt -> CH5_024_OPEN | Zet je eigen kracht in om de vuurspuwende stier mee in bedwang te houden terwijl Jason het juk vastmaakt -> CH5_024_VIS | Manoeuvreer snel tussen de opschietende aardgeboren krijgers door om Jason op tijd te waarschuwen -> CH5_024_AGI
CH5_024_OPEN;CH5;7591;Vanaf de Zijlijn;Open route: toekijken vanaf de zijlijn. Schrijft de dode flag ch5_024_route=open.;;;ch5_024_route=open;;;;;;;;;1;Kijk hoe Medea haar keuze rechtvaardigt -> CH5_025
CH5_024_VIS;CH5;7608;Schouder aan Schouder;Vis-route: de vuurspuwende stier mee in bedwang houden. Schrijft de dode flag ch5_024_route=vis.;;;ch5_024_route=vis;;;;;;;;;1;Kijk hoe Medea haar keuze rechtvaardigt -> CH5_025
CH5_024_AGI;CH5;7625;Tussen de Krijgers Door;Agilitas-route: Jason op tijd waarschuwen tussen de aardgeboren krijgers. Schrijft de dode flag ch5_024_route=agilitas.;;;ch5_024_route=agilitas;;;;;;;;;1;Kijk hoe Medea haar keuze rechtvaardigt -> CH5_025
CH5_025;CH5;7642;Medea's Keuze;Medea's verraad aan haar vader wordt expliciet vergeleken met Ariadne op Kreta. Drie houdingskeuzes.;;;;;;;;;;;;3;Bewonder vooral haar moed om alles op te geven voor wat ze voelt -> CH5_025B | Erken vooral hoe roekeloos het is om je eigen vader zo te verraden -> CH5_025B | Herken vooral het patroon — weer een vrouw die alles waagt voor een man die haar dat misschien nooit teruggeeft -> CH5_025B
CH5_025B;CH5;7660;Het Heilige Woud;De groep moet ongezien het heilige woud in. Drie routes (mee / Agilitas / Prudentia).;;;;;;agilitas 13 | prudentia 11;;;;;;3;"Volg gewoon stilzwijgend achter Medea aan -> CH5_025_OPEN | Glip geruisloos tussen de takken en heilige stenen door, geen twijgje dat kraakt -> CH5_025_AGI | Lees de ademhaling en kronkelpatronen van de sluimerende draak en weet precies wanneer je veilig dichterbij kunt komen -> CH5_025_PRU"
CH5_025_OPEN;CH5;7676;Stilzwijgend Mee;Open route: stilzwijgend achter Medea aan. Schrijft de dode flag ch5_025_route=open.;;;ch5_025_route=open;;;;;;;;;1;Kijk hoe het woud dichterbij komt -> CH5_026
CH5_025_AGI;CH5;7693;Geen Twijgje;Agilitas-route: geruisloos tussen de takken. Schrijft de dode flag ch5_025_route=agilitas.;;;ch5_025_route=agilitas;;;;;;;;;1;Kijk hoe het woud dichterbij komt -> CH5_026
CH5_025_PRU;CH5;7710;De Ademhaling van de Draak;Prudentia-route: de ademhaling van de draak lezen. Schrijft de dode flag ch5_025_route=prudentia.;;;ch5_025_route=prudentia;;;;;;;;;1;Kijk hoe het woud dichterbij komt -> CH5_026
CH5_026;CH5;7727;De Nooit Slapende Draak;De nooit slapende draak schrikt alsnog wakker. Combat-bridge.;;;;;;;;;drakon_vlies;;;1;Kijk wat er van het Gulden Vlies wordt -> CH5_027
CH5_027;CH5;7744;Het Gulden Vlies;"Jason snijdt het Gulden Vlies los; Medea vaart mee. Souvenir (gouden schilfer), eretitel.";;;;;;;souvenir_argonauten;;;gulden_vlies_gevonden.png;ch5_argonauten;1;Volg de terugreis naar Griekenland -> CH5_028
CH5_028;CH5;7769;De Terugreis;"De terugreis; Pelias houdt de troon, Jason en Medea trekken naar Korinthe.";;;;;;;;;;;;1;"Kijk wat er jaren later, in Korinthe, gebeurt -> CH5_029"
CH5_029;CH5;7785;"Korinthe, Jaren Later";"Korinthe jaren later: Jason verlaat Medea; haar wraak wordt bewust terughoudend verteld.";;medea;;;;;;;;;;1;Luister verder -> CH5_EINDE
CH5_EINDE;CH5;7810;Het Einde van Hoofdstuk 5;"Hoofdstukafsluiting; eretitel ch5_medea_korinthe. De poort naar Hoofdstuk 6 opent.";;;;;;;;;;;ch5_medea_korinthe;1;Stap door de poort -> CH6_000
CH6_000;CH6;7853;De Vloek van Thebe;"Opening van Hoofdstuk 6. De Boodschapper legt uit dat Thebe's geschiedenis bewust niet-chronologisch wordt verteld, op het patroon van de vloek.";;;;;;;;;;;;1;Begin bij het begin — de stichting van Thebe -> CH6_001
CH6_001;CH6;7875;De Stichting van Thebe;"Kadmos sticht Thebe, doodt de draak en zaait de tanden; de Spartoi rijzen op. Drie routes (afstand / Vis / Agilitas).";;kadmos;;;;vis 13 | agilitas 11;;;;spartoi_thebe.png;;3;Kijk toe hoe de krijgers zich tegen elkaar keren -> CH6_001_OPEN | Grijp een afgebroken speer en houd een laatste dolende Spartoot af zodat Kadmos' rug vrij blijft -> CH6_001_VIS | Duik en weef tussen de neervallende lichamen door om niet zelf geraakt te worden -> CH6_001_AGI
CH6_001_OPEN;CH6;7899;Op Veilige Afstand;Open route: op veilige afstand toekijken. Schrijft de dode flag ch6_001_route=open.;;;ch6_001_route=open;;;;;;;;;1;Jij hebt dit soort tanden al eerder gehoord — kijk waar de rest van de draak bleef -> CH6_002
CH6_001_VIS;CH6;7916;Kadmos' Rug Vrij;Vis-route: Kadmos' rug vrijhouden. Schrijft de dode flag ch6_001_route=vis.;;;ch6_001_route=vis;;;;;;;;;1;Jij hebt dit soort tanden al eerder gehoord — kijk waar de rest van de draak bleef -> CH6_002
CH6_001_AGI;CH6;7933;Tussen de Lichamen;Agilitas-route: tussen de vallende lichamen door duiken. Schrijft de dode flag ch6_001_route=agilitas.;;;ch6_001_route=agilitas;;;;;;;;;1;Jij hebt dit soort tanden al eerder gehoord — kijk waar de rest van de draak bleef -> CH6_002
CH6_002;CH6;7950;"Dezelfde Tanden, een Andere Koning";"Callback: dezelfde drakentanden hoorde de speler al bij Aeëtes in Colchis (Hoofdstuk 5). Onvoorwaardelijk verteld, niet flag-gestuurd.";;;;;;;;;;;;1;Kijk naar de eerste koningin van deze jonge stad -> CH6_003
CH6_003;CH6;7966;Niobe's Hoogmoed;Niobe schept op dat haar veertien kinderen meer waard zijn dan Latona's twee. Poortwachter: praesens-puzzel.;;;;;;;;puzzle_ch6_praesens;;;;1;Kijk hoe Latona's kinderen op deze belediging reageren -> CH6_004
CH6_004;CH6;7983;Apollo en Diana's Wraak;"Apollo en Diana doden alle veertien kinderen; Niobe verstart tot steen. Souvenir. Drie houdingskeuzes.";;;;;;;souvenir_thebe;;;niobe_versteend.png;;3;"Vind veertien levens een verschrikkelijk zware prijs voor één opschepperige zin -> CH6_005 | Erken dat een belediging aan een godin nu eenmaal nooit zonder gevolgen blijft -> CH6_005 | Laat het gewoon op je inwerken, zonder meteen een kant te kiezen -> CH6_005"
CH6_005;CH6;8010;Een Voorspelling voor Laius;"Laius laat zijn pasgeboren zoon te vondeling leggen; de herder redt Oedipus.";;laius | oedipus;;;;;;;;;;1;Kijk wat Oedipus doet zodra hij zelf volwassen is -> CH6_006
CH6_006;CH6;8029;De Weg naar Thebe;Oedipus vlucht van Corinthe en doodt bij een kruispunt een oude man — zijn eigen vader.;;;;;;;;;;;;1;Volg Oedipus verder naar de poorten van Thebe -> CH6_007
CH6_007;CH6;8045;De Sfinx;"De Sfinx houdt Thebe gegijzeld; Oedipus biedt aan het raadsel te proberen.";;;;;;;;;;;;1;Kom dichterbij -> CH6_007B
CH6_007B;CH6;8064;De Nadering;De speler nadert de Sfinx. Drie routes (naast Oedipus / Prudentia / Agilitas).;;;;;;prudentia 13 | agilitas 11;;;;;;3;"Sta gewoon naast Oedipus en vat moed -> CH6_007_OPEN | Lees de overblijfselen van eerdere slachtoffers en de houding van de Sfinx voor een teken van vermoeidheid of patroon -> CH6_007_PRU | Blijf licht op je voeten en behoedzaam tussen de resten door, zonder onnodig dichtbij te komen -> CH6_007_AGI"
CH6_007_OPEN;CH6;8080;Naast Hem;Open route: gewoon naast Oedipus blijven staan. Schrijft de dode flag ch6_007_route=open.;;;ch6_007_route=open;;;;;;;;;1;Luister naar het raadsel van de Sfinx -> CH6_008
CH6_007_PRU;CH6;8097;Wat Er Achterbleef;Prudentia-route: vermoeidheid en patroon bij de Sfinx opmerken. Schrijft de dode flag ch6_007_route=prudentia.;;;ch6_007_route=prudentia;;;;;;;;;1;Luister naar het raadsel van de Sfinx -> CH6_008
CH6_007_AGI;CH6;8114;Behoedzaam Tussen de Resten;Agilitas-route: behoedzaam tussen de resten door. Schrijft de dode flag ch6_007_route=agilitas.;;;ch6_007_route=agilitas;;;;;;;;;1;Luister naar het raadsel van de Sfinx -> CH6_008
CH6_008;CH6;8131;Het Raadsel;Het raadsel van de Sfinx. Poortwachter: eigen sfinx-puzzel.;;;;;;;;puzzle_ch6_sfinx;;sfinx_raadsel.png;;1;Geef het antwoord -> CH6_009
CH6_009;CH6;8151;Koning van Thebe;"Oedipus antwoordt 'de mens', wordt koning en trouwt Iokaste; vier kinderen volgen.";;iokaste | eteokles | polyneikes | antigone;;;;;;;;;;1;"Spring jaren vooruit, naar het moment dat de waarheid aan het licht komt -> CH6_010"
CH6_010;CH6;8170;De Waarheid;"De plaag legt de waarheid bloot; Iokaste sterft, Oedipus verblindt zichzelf. Drie houdingskeuzes.";;oedipus | iokaste;;;;;;;;;;3;"Voel vooral medelijden — geen van beiden koos er ooit voor om dit te worden -> CH6_011 | Erken nuchter dat onwetendheid de gevolgen niet ongedaan maakt, hoe oneerlijk dat ook voelt -> CH6_011 | Laat het oordeel maar aan iemand anders — dit voelt te groot om zomaar een kant te kiezen -> CH6_011"
CH6_011;CH6;8191;"Een Troon, Twee Broers";Eteokles weigert de troon te delen met Polyneikes. Poortwachter: imperfectum-puzzel.;;;;;;;;puzzle_ch6_imperfectum;;;;1;Kijk wat Polyneikes onderneemt -> CH6_012
CH6_012;CH6;8208;De Zeven tegen Thebe;"De Zeven tegen Thebe verzamelen zich; cameo-payoff op Tydeus uit Hoofdstuk 5 (onvoorwaardelijk verteld).";;;;;;;;;;zeven_tegen_thebe.png;;1;Kijk hoe de aanval op Thebe verloopt -> CH6_012B
CH6_012B;CH6;8227;De Zeven Poorten;De aanval op zeven poorten tegelijk. Drie routes (overzicht / Vis / Agilitas).;;;;;;vis 13 | agilitas 11;;;;;;3;"Volg het algemene overzicht van de bestorming -> CH6_012_OPEN | Blijf hangen bij Tydeus' eigen poort, waar hij zijn belofte waarmaakt en de poort met kale kracht probeert te breken -> CH6_012_VIS | Kijk naar een andere poort, waar een champion het niet op kracht maar op snelheid gooit -> CH6_012_AGI"
CH6_012_OPEN;CH6;8243;Het Overzicht;Open route: het geheel volgen. Schrijft de dode flag ch6_012_route=open.;;;ch6_012_route=open;;;;;;;;;1;Kijk hoe de aanval op Thebe verloopt -> CH6_013
CH6_012_VIS;CH6;8260;Tydeus' Poort;Vis-route: bij Tydeus' poort blijven. Schrijft de dode flag ch6_012_route=vis.;;;ch6_012_route=vis;;;;;;;;;1;Kijk hoe de aanval op Thebe verloopt -> CH6_013
CH6_012_AGI;CH6;8277;De Snelle Weg;Agilitas-route: naar een snelheidsaanval kijken. Schrijft de dode flag ch6_012_route=agilitas.;;;ch6_012_route=agilitas;;;;;;;;;1;Kijk hoe de aanval op Thebe verloopt -> CH6_013
CH6_013;CH6;8294;De Zeven Poorten;De zeven champions sneuvelen poort na poort. Poortwachter: koppelpuzzel op werkwoordstijden.;;;;;;;;puzzle_ch6_matching_tempora;;;;1;Kijk hoe het tussen de twee broers zelf afloopt -> CH6_014
CH6_014;CH6;8311;Broedermoord;"Eteokles en Polyneikes doden elkaar; Athena trekt Tydeus' onsterfelijkheid vol afschuw weer in.";;;;;;;;;;;;1;Kijk wie er na deze slachting de troon van Thebe overneemt -> CH6_015
CH6_015;CH6;8330;Creons Bevel;"Creon verbiedt de begrafenis van Polyneikes; Antigone legt zich daar niet bij neer.";;creon;;;;;;;;;;1;Kijk wat Antigone besluit te doen -> CH6_015B
CH6_015B;CH6;8349;De Geheime Begrafenis;"Antigone sluipt 's nachts naar het lichaam. Drie routes (vastberadenheid / Prudentia / Agilitas) — opnieuw drie manieren van kijken, geen handeling.";;;;;;prudentia 11 | agilitas 13;;;;;;3;"Volg het algemene beeld van haar vastberadenheid -> CH6_015_OPEN | Zie hoe ze de wisseling van de wacht al dagen heeft geobserveerd en precies het gat in hun routine kiest -> CH6_015_PRU | Zie haar geruisloos tussen schaduwen bewegen, exact op het moment dat een wachter zich omdraait -> CH6_015_AGI"
CH6_015_OPEN;CH6;8365;Vastberaden;Open route: vooral haar vastberadenheid zien. Schrijft de dode flag ch6_015_route=open.;;;ch6_015_route=open;;;;;;;;;1;Kijk wat Creon ontdekt -> CH6_016
CH6_015_PRU;CH6;8382;Het Gat in de Routine;Prudentia-route: zien dat ze de wachtwissel al dagen observeerde. Schrijft de dode flag ch6_015_route=prudentia.;;;ch6_015_route=prudentia;;;;;;;;;1;Kijk wat Creon ontdekt -> CH6_016
CH6_015_AGI;CH6;8399;Tussen de Schaduwen;Agilitas-route: haar geruisloze beweging zien. Schrijft de dode flag ch6_015_route=agilitas.;;;ch6_015_route=agilitas;;;;;;;;;1;Kijk wat Creon ontdekt -> CH6_016
CH6_016;CH6;8416;Antigone's Verzet;Antigone begraaft haar broer tegen Creons bevel in. Poortwachter: perfectum-puzzel.;;;;;;;;puzzle_ch6_perfectum;;antigone_begrafenis.png;;1;Kijk hoe Creon reageert zodra hij ontdekt wat ze heeft gedaan -> CH6_017
CH6_017;CH6;8436;Levend Ingemetseld;"Creon metselt Antigone levend in; ze kiest zelf het moment. Drie houdingskeuzes.";;antigone;;;;;;;;;;3;"Bewonder haar moed om voor haar overtuiging te sterven -> CH6_018 | Erken dat Creon, hoe hard ook, zijn bevel niet zomaar kon laten passeren zonder gezichtsverlies -> CH6_018 | Zie vooral twee mensen die geen van beiden meer terug konden zonder alles te verliezen -> CH6_018"
CH6_018;CH6;8458;De Epigonen;"De Epigonen, tien jaar later; Diomedes trekt zijn vaders wapenrusting aan. Eén optionele Prudentia-keuze naast de doorklikknop.";;diomedes;;;;prudentia 12;;;;;;2;"Kijk hoe de tweede aanval op Thebe verloopt -> CH6_019 | Help hem zijn vaders wapenrusting eerbiedig klaarleggen, in stilte -> CH6_018_PRU"
CH6_018_PRU;CH6;8478;Een Stil Gebaar;"Het enige optionele, echt duurzame moment van het hoofdstuk: de speler helpt Diomedes zwijgend met zijn riemen. RELATION diomedes +1 — telt mee in de Hoofdstuk 9-payoff.";;;;diomedes +1;;;;;;;;1;Kijk hoe de tweede aanval op Thebe verloopt -> CH6_019
CH6_019;CH6;8495;Laodamas Verdedigt de Poorten;Laodamas verdedigt de poorten. Combat-bridge.;;;;;;;;;laodamas;;;1;Kijk wat er van Thebe wordt na Laodamas' nederlaag -> CH6_020
CH6_020;CH6;8512;De Val van Thebe;"Thebe valt; Diomedes ontdekt dat wraak anders voelt. Zet de dode flag ch6_diomedes_epigonen, eretitel. Vooruitwijzing naar Troje.";;;ch6_diomedes_epigonen=true;;;;;;;diomedes_val_thebe.png;ch6_epigonen;1;Spring nu terug in de tijd — naar een koning die vóór Oedipus over Thebe regeerde -> CH6_021
CH6_021;CH6;8540;Terug in de Tijd;"Terugsprong in de tijd naar Pentheus, vóór Oedipus en Laius. Gebruikt {tendency_address}.";;;;;;;;;;;;1;Kijk wat voor koning Pentheus is -> CH6_022
CH6_022;CH6;8556;Een Nieuwe God;Pentheus verbiedt de nieuwe Bacchus-cultus in Thebe.;;pentheus;;;;;;;;bacchanten_berg.png;;1;Kijk wat Pentheus onderneemt om de Bacchanten te stoppen -> CH6_023
CH6_023;CH6;8576;Vermomd de Berg Op;Pentheus vermomt zich en bespiedt de Bacchanten. Drie routes (afstand / Agilitas / Prudentia).;;;;;;agilitas 13 | prudentia 11;;;;;;3;"Blijf op veilige afstand meesluipen -> CH6_023_OPEN | Waag je dichterbij dan verstandig is, lenig en geruisloos tussen rotsen en struikgewas -> CH6_023_AGI | Lees de rituele patronen en voortekenen van de Bacchanten vóór het misgaat -> CH6_023_PRU"
CH6_023_OPEN;CH6;8592;Op Veilige Afstand;Open route: op veilige afstand meesluipen. Schrijft de dode flag ch6_023_route=open.;;;ch6_023_route=open;;;;;;;;;1;Kijk wat er van Pentheus wordt -> CH6_023B
CH6_023_AGI;CH6;8609;Dichterbij Dan Verstandig;Agilitas-route: dichterbij dan verstandig is. Schrijft de dode flag ch6_023_route=agilitas.;;;ch6_023_route=agilitas;;;;;;;;;1;Kijk wat er van Pentheus wordt -> CH6_023B
CH6_023_PRU;CH6;8626;De Voortekenen;Prudentia-route: de rituele patronen lezen. Schrijft de dode flag ch6_023_route=prudentia.;;;ch6_023_route=prudentia;;;;;;;;;1;Kijk wat er van Pentheus wordt -> CH6_023B
CH6_023B;CH6;8643;Ontdekt;"Pentheus wordt ontdekt; de Bacchanten zien geen mens meer in hem.";;;;;;;;;;;;1;Roep de naam van de god die dit alles heeft losgemaakt -> CH6_024
CH6_024;CH6;8657;Een Naam Zonder Antwoord;Pentheus roept de naam van de god aan. Poortwachter: Griekse vocativus-puzzel.;;;;;;;;puzzle_ch6_vocativus_grieks;;;;1;Kijk wat er met Pentheus gebeurt -> CH6_025
CH6_025;CH6;8674;Agave;Agave verscheurt in waanzin haar eigen zoon en beseft het pas uren later. Eretitel.;;pentheus;;;;;;;;;ch6_pentheus;1;Luister verder -> CH6_EINDE
CH6_EINDE;CH6;8702;Het Einde van Hoofdstuk 6;"Hoofdstukafsluiting; het licht sluit zich deze keer niet.";;;;;;;;;;;;1;Wacht — de streep licht sluit deze keer niet -> CH6_MUSEUM_00
CH6_MUSEUM_00;CH6;8721;Een Andere Stem;"De poort wordt breder: de speler wordt uitgenodigd in het Museum van Mnemosyne. Zet museum_mnemosyne_ontgrendeld (gelezen door de UI, niet door het verhaal).";;;museum_mnemosyne_ontgrendeld=true;;;;;;;;;1;Stap door de brede poort -> CH6_MUSEUM_01
CH6_MUSEUM_01;CH6;8742;Het Museum van Mnemosyne;"De hal van het Museum: de verzamelde souvenirs onder stolpen, tussen duizenden lege sokkels.";;;;;;;;;;;;1;Loop verder de hal in -> CH6_MUSEUM_EINDE
CH6_MUSEUM_EINDE;CH6;8767;Wachtend op het Volgende Verhaal;"Het Museum wordt de vaste tussen-hoofdstuk-hub; de poort naar Hoofdstuk 7 opent.";;;;;;;;;;;;1;De streep licht wordt weer breder -> CH7_000
CH7_000;CH7;8800;Het Echte Werk;"Opening van Hoofdstuk 7. De Boodschapper kondigt de Trojaanse Oorlog aan als het kernverhaal; het Museum wordt uitvalsbasis.";;;;;;;;;;;;1;Stap de herinnering in -> CH7_001
CH7_001;CH7;8818;Leda en de Zwaan;"Leda en de Zwaan; uit het ei komen Castor, Pollux en Helena. Callbacks naar Io en Europa.";;leda;;;;;;;;leda_zwaan.png;;1;Zie hoe Helena opgroeit -> CH7_002
CH7_002;CH7;8843;De Vrijers van Helena;"Verzamelmoment: alle vrijers van Helena in Sparta. Odysseus bedenkt de eed en vraagt Penelope. Poortwachter: genitivus-puzzel. De speler doet niets, kiest niets, en er wordt niets vastgelegd.";;tyndareos | helena | odysseus;;;;;;puzzle_ch7_genitivus;;;;1;Zie de eed die daarop volgt -> CH7_003
CH7_003;CH7;8865;De Eed van Tyndareos;"De Eed van Tyndareos wordt gezworen; Menelaus wint Helena. Eén doorklikknop, geen keuze, geen flag, geen relatie — het grootste ongebruikte fundament van het spel.";;menelaos;;;;;;;;;;1;Reis mee naar die andere bruiloft -> CH7_004
CH7_004;CH7;8887;De Bruiloft van Peleus en Thetis;De bruiloft van Peleus en Thetis. Draagt de onvoorwaardelijke Peleus-echo (payoff op Hoofdstuk 5).;;thetis;;;ch7_peleus_bruiloft_echo;;;;;;;1;Zie wie er ongenood binnenkomt -> CH7_005
CH7_005;CH7;8909;De Appel der Tweedracht;"Eris werpt de gouden appel; Juno, Athena en Venus claimen hem alle drie. Poortwachter: Griekse dativus-puzzel. Souvenir (appel).";;;;;;;souvenir_appel_tweedracht;puzzle_ch7_dativus_grieks;;appel_der_tweedracht.png;;1;Volg de appel naar wie hem uiteindelijk moet beoordelen -> CH7_006
CH7_006;CH7;8939;Hecuba's Visioen;"Hecuba's visioen; Paris wordt te vondeling gelegd op de Ida. Drie houdingskeuzes.";;hecuba | priamus;;;;;;;;;;3;"Vind het onvergeeflijk om een eigen kind zomaar op te geven, profetie of niet -> CH7_007 | Erken dat een koning soms een vreselijke prijs moet betalen voor de veiligheid van een hele stad -> CH7_007 | Onthoud je van een oordeel — je kent deze ouders nog niet goed genoeg -> CH7_007"
CH7_007;CH7;8963;De Herder van de Berg Ida;Herders brengen Paris groot als een van de hunnen.;;;;;;;;;;;;1;Zie hoe die proef verloopt -> CH7_008
CH7_008;CH7;8979;Paris en de Stier;Paris kent de overwinning eerlijk toe aan de vermomde Mars. Twee STAT-gates (Vis 14 / Prudentia 14) die alleen flavourtekst opleveren.;;;;;;vis 14 | prudentia 14;;;;;;3;"Kijk toe hoe Paris oordeelt, zonder zelf in te grijpen -> CH7_009 | Help ondertussen een paar kuddedieren uit de weg te houden van de opgewonden menigte -> CH7_008_VIS | Houd de rest van de kudde stil en kalm terwijl iedereen naar de wedstrijd kijkt -> CH7_008_PRU"
CH7_008_VIS;CH7;8997;Ruimte Maken;Vis-route: kuddedieren uit de weg duwen. Schrijft niets — de tekst zegt zelf dat niemand het zich later zal herinneren.;;;;;;;;;;;;1;Zie hoe het oordeel valt -> CH7_009
CH7_008_PRU;CH7;9011;Een Kalme Kudde;Prudentia-route: de kudde kalm houden. Schrijft niets.;;;;;;;;;;;;1;Zie hoe het oordeel valt -> CH7_009
CH7_009;CH7;9025;Het Parisoordeel;Het Parisoordeel: Paris kiest Venus en daarmee Helena. Eretitel. Geen keuze voor de speler.;;;;;;;;;;parisoordeel.png;ch7_parisoordeel;1;"Volg Paris terug naar de stad waar hij, zonder het te weten, geboren is -> CH7_010"
CH7_010;CH7;9052;De Spelen van Troje;Paris wint de Spelen van Troje en wordt als koningszoon herkend.;;paris;;;;;;;;;;1;Zie wat Paris met zijn nieuwe status doet -> CH7_011
CH7_011;CH7;9074;De Missie naar Sparta;"Paris wordt naar Sparta gestuurd; Menelaus ontvangt hem gastvrij.";;;;;;;;;;;;1;Zie hoe die belofte wordt ingelost -> CH7_012
CH7_012;CH7;9090;De Schaking van Helena;"De schaking van Helena; de bronnen zijn het oneens over haar aandeel. Poortwachter: accusativus-puzzel.";;;;;;;;puzzle_ch7_accusativus;;schaking_helena.png;;1;Zie wat dit voor Menelaus betekent -> CH7_012B
CH7_012B;CH7;9110;Een Gastheer Beroofd;Menelaus komt thuis en waarschuwt Agamemnon. Drie houdingskeuzes.;;;;;;;;;;;;3;"Vind een schending van gastvrijheid onder je eigen dak onvergeeflijk -> CH7_013 | Erken dat liefde — of een belofte van een godin — zich zelden aan de regels van gastvrijheid houdt -> CH7_013 | Wacht af wat dit Griekenland gaat kosten, voor je een kant kiest -> CH7_013"
CH7_013;CH7;9126;De Eed Wordt Wakker;Agamemnon roept de eed in en neemt het opperbevel. Eretitel.;;agamemnon;;;;;;;;;ch7_helena_geschaakt;1;Zie wie zich het felst tegen zijn eigen eed verzet -> CH7_014
CH7_014;CH7;9151;Odysseus op het Strand;"Odysseus veinst waanzin op het strand; Palamedes ontmaskert hem met Telemachus.";;odysseus | palamedes;;;;;;;;;;1;"Zie wie Odysseus, als eerste taak, zelf moet gaan opsporen -> CH7_015"
CH7_015;CH7;9173;Achilles tussen de Vrouwen;"Achilles verborgen tussen de dochters van Lycomedes; Odysseus' list met het zwaard. Poortwachter: perfectum-puzzel.";;achilles;;;;;;puzzle_ch7_perfectum;;achilles_skyros.png;;1;"Volg de verzamelde vloot naar haar eerste, onverwachte halte -> CH7_016"
CH7_016;CH7;9201;Windstilte in Aulis;"Windstilte in Aulis; Calchas noemt de prijs.";;calchas;;;;;;;;;;1;Zie hoe Agamemnon met dat nieuws omgaat -> CH7_017
CH7_017;CH7;9220;Het Offer in Aulis;"Het offer van Iphigenia; de bronnen verschillen over wat er werkelijk gebeurde. Poortwachter: ablativus-puzzel. Eretitel.";;iphigenia;;;;;;puzzle_ch7_ablativus;;iphigenia_hinde.png;ch7_aulis_offer;1;Zie hoe de vloot verdergaat -> CH7_017B
CH7_017B;CH7;9251;Windvaart;De vloot vaart uit met de gekochte wind. Drie houdingskeuzes.;;;;;;;;;;;;3;Vind geen enkele oorlog het offer van een eigen kind waard -> CH7_018 | Erken dat een veldheer soms moet kiezen tussen zijn familie en de duizenden die van hem afhankelijk zijn -> CH7_018 | Twijfel of dit werkelijk zo is gegaan als de meesten navertellen -> CH7_018
CH7_018;CH7;9267;Philoktetes op Lemnos;Philoktetes wordt met Herakles' boog achtergelaten op Lemnos. Draagt de onvoorwaardelijke Philoktetes-echo (payoff op Hoofdstuk 5).;;;;;ch7_philoktetes_lemnos_echo;;;;;philoktetes_lemnos.png;;1;Volg de vloot die zonder hem verdergaat -> CH7_019
CH7_019;CH7;9289;De Eerste die Voet aan Land Zet;"Protesilaus sterft als eerste Griek aan land; Odysseus omzeilt de profetie met zijn schild. Poortwachter: koppelpuzzel.";;;;;;;;puzzle_ch7_matching_tempora;;;;1;Zie wat er van de eerste jaren van het beleg wordt -> CH7_020
CH7_020;CH7;9311;Chryseis en Briseis;Chryseis en Briseis worden als buit verdeeld — de opzet voor Hoofdstuk 8. Drie houdingskeuzes.;;chryseis | briseis;;;;;;;;;ch7_trojaanse_kust;3;"Vind het verontrustend hoe achteloos er over deze twee vrouwen wordt beschikt -> CH7_EINDE | Erken dat oorlogsbuit, hoe ongemakkelijk ook, de norm was in deze wereld -> CH7_EINDE | Onthoud gewoon beide namen — je vermoedt dat je ze nog terug zult horen -> CH7_EINDE"
CH7_EINDE;CH7;9341;Het Einde van Hoofdstuk 7;"Hoofdstukafsluiting; de speler neemt de gouden appel mee.";;;;;;;;;;;;1;Keer terug naar het Museum -> CH7_MUSEUM_00
CH7_MUSEUM_00;CH7;9360;Terug in het Museum;Terug in het Museum: de eerste lege stolp is gevuld met de gouden appel.;;;;;;;;;;;;1;De streep licht wordt weer breder -> CH8_000
CH8_000;CH8;9400;Tien Jaar Later;Opening van Hoofdstuk 8: de eerste negen jaar worden overgeslagen. De Boodschapper kondigt aan dat de speler zelf een kant gaat kiezen.;;;;;;;;;;;;1;Stap door de poort -> CH8_001
CH8_001;CH8;9416;De Plaag van Apollo;"Agamemnon wijst Chryses honend af; Apollo stuurt negen dagen pest. De speler krijgt geen enkele keuze bij deze weigering.";;;;;;;;;;;;1;Zie hoe het leger de oorzaak ontdekt -> CH8_002
CH8_002;CH8;9435;Calchas Durft te Spreken;Calchas durft te spreken onder Achilles' bescherming: Agamemnon is de oorzaak.;;;;;;;;;;;;1;Zie hoe Agamemnon reageert -> CH8_003
CH8_003;CH8;9451;De Ruzie;"De ruzie: Agamemnon eist Briseis, Athena houdt Achilles' hand tegen, Achilles zweert af.";;patroklos;;;;;;;;achilles_woede.png;;1;Zie hoe Achilles zijn woede verwerkt -> CH8_004
CH8_004;CH8;9476;Thetis' Belofte;Thetis vraagt Jupiter de Trojanen te laten winnen tot de Grieken Achilles missen.;;;;;;;;;;;;1;Kies je plek in wat komen gaat -> CH8_005
CH8_005;CH8;9495;Waar Sta Jij?;Het vertakkingsmoment: blijven bij Achilles of meetrekken met Agamemnon. De enige keuze in het spel met twee volwaardige takken van veertien scènes.;;;;;;;;;;;;2;"Blijf bij Achilles, in zijn tent -> CH8_ACH_001 | Trek met het leger mee, aan Agamemnons zijde -> CH8_AGA_001"
CH8_ACH_001;CH8;9512;In de Tent;"Tak Achilles. De speler blijft in de tent; alles van het slagveld komt voortaan als bericht binnen. Zet ch8_zijde=achilles, RELATION menelaos -1, eretitel.";;;ch8_zijde=achilles;menelaos -1;;;;;;;ch8_zijde_achilles;1;Wacht op nieuws van het front -> CH8_ACH_002
CH8_ACH_002;CH8;9537;Bericht van het Duel;Bericht: het duel Menelaus-Paris eindigt in mist en verwarring. Poortwachter: sigmatische aoristus.;;;;;;;;puzzle_ch8_ach_aoristus_sigma;;;;1;Wacht op nieuws van de rest van de dag -> CH8_ACH_003
CH8_ACH_003;CH8;9559;Het Bestand Breekt;"Bericht: het bestand breekt door een Trojaanse pijl; Diomedes' naam gaat rond. Poortwachter: thematische aoristus.";;;;;;;;puzzle_ch8_ach_aoristus_thema;;;;1;Luister naar wat de Boodschapper je ondertussen laat zien -> CH8_ACH_004
CH8_ACH_004;CH8;9581;Hector en Andromache;"De Boodschapper toont Hector en Andromache op de muur — hier als getoonde herinnering, niet als aanwezigheid.";;hektor | andromache;;;;;;;;hektor_andromache.png;;1;Wacht verder in de tent -> CH8_ACH_005
CH8_ACH_005;CH8;9606;De Wal Wankelt;"Het nieuws verslechtert; Nestor dringt aan op verzoening. Patroklos verraadt steeds meer.";;;;;;;;;;;;1;Wacht verder in het kamp -> CH8_ACH_006
CH8_ACH_006;CH8;9622;Wachten in het Kamp;Wachten in het kamp. Twee STAT-gates (Prudentia 15 / Vis 15) naast de doorklikknop.;;;;;;prudentia 15 | vis 15;;;;;;3;Wacht in stilte met de rest van de Myrmidonen -> CH8_ACH_007 | Help Patroklos de gewonden uit eerdere schermutselingen verzorgen -> CH8_ACH_006_PRU | Houd je wapens en je lichaam scherp met oefeningen -> CH8_ACH_006_VIS
CH8_ACH_006_PRU;CH8;9638;De Gewonden;"Prudentia-route: samen met Patroklos gewonden verzorgen — hij glimlacht voor het eerst sinds de ruzie. Schrijft niets; deze glimlach wordt nergens meer opgepakt.";;;;;;;;;;;;1;Zie wie er aankomt bij de tent -> CH8_ACH_007
CH8_ACH_006_VIS;CH8;9652;Scherp Blijven;Vis-route: wapens en lichaam scherp houden. Schrijft niets.;;;;;;;;;;;;1;Zie wie er aankomt bij de tent -> CH8_ACH_007
CH8_ACH_007;CH8;9666;Het Gezantschap;"Het gezantschap arriveert: Odysseus, Phoenix en Ajax, zoon van Telamon (callback op Hoofdstuk 5).";;phoenix | aias;;;;;;;;;;1;Luister naar wat ze te zeggen hebben -> CH8_ACH_008
CH8_ACH_008;CH8;9683;De Weigering;"De weigering; Ajax' onhandige oprechtheid raakt Achilles het diepst. RELATION achilles +1, aias +1, phoenix +1. Poortwachter: 3e declinatie.";;;;achilles +1 | aias +1 | phoenix +1;;;;puzzle_ch8_ach_3decl;;;;1;Zie hoe het gezantschap onverrichter zake vertrekt -> CH8_ACH_009
CH8_ACH_009;CH8;9708;Een Trots Weerlegd;Het gezantschap vertrekt met lege handen. Drie houdingskeuzes.;;;;;;;;;;;;3;"Vind Achilles' trots onvergeeflijk, met zoveel levens op het spel -> CH8_ACH_010 | Erken dat eer voor een held als Achilles net zo reëel is als een wond -> CH8_ACH_010 | Onthoud je van een oordeel — je hebt Agamemnons kant nog niet gezien -> CH8_ACH_010"
CH8_ACH_010;CH8;9724;De Schepen Branden Bijna;"De Trojanen staan met fakkels bij de schepen; Patroklos houdt het niet meer.";;;;;;;;;;;;1;Zie wat Patroklos vraagt -> CH8_ACH_011
CH8_ACH_011;CH8;9740;Patroklos' Verzoek;Patroklos vraagt om Achilles' wapenrusting en krijgt één uitdrukkelijke waarschuwing. Poortwachter: voornaamwoorden.;;;;;;;;puzzle_ch8_ach_pronomen;;patroklos_wapenrusting.png;;1;Zie Patroklos vertrekken -> CH8_ACH_012
CH8_ACH_012;CH8;9765;Het Vertrek;"Patroklos rijdt uit; de speler blijft achter in de tent.";;;;;;;;;;;;1;Wacht op wat komen gaat -> CH8_EPI_001
CH8_AGA_001;CH8;9781;Met het Leger;"Tak Agamemnon. De speler trekt mee met het leger en ziet alles met eigen ogen. Zet ch8_zijde=agamemnon, RELATION menelaos +1 en diomedes +1, eretitel.";;;ch8_zijde=agamemnon;menelaos +1 | diomedes +1;;;;;;;ch8_zijde_agamemnon;1;Zie het duel zelf -> CH8_AGA_002
CH8_AGA_002;CH8;9806;Het Duel van Menelaus en Paris;"Het duel Menelaus-Paris van dichtbij gezien; Venus haalt Paris weg. Poortwachter: sigmatische aoristus.";;;;;;;;puzzle_ch8_aga_aoristus_sigma;;;;1;Zie wat er van de wapenstilstand wordt -> CH8_AGA_003
CH8_AGA_003;CH8;9828;Pandaros' Pijl;"Pandaros' pijl breekt de wapenstilstand; de speler ziet heel even een vreemde gedaante naast hem.";;;;;;;;;;;;1;Zie wie zich vandaag onderscheidt in de chaos -> CH8_AGA_004
CH8_AGA_004;CH8;9847;Diomedes' Huzarenstuk;Diomedes verwondt Venus en zelfs Mars. Poortwachter: thematische aoristus.;;;;;;;;puzzle_ch8_aga_aoristus_thema;;diomedes_tegen_mars.png;;1;Luister naar wat de Boodschapper je ondertussen laat zien -> CH8_AGA_005
CH8_AGA_005;CH8;9872;Hector en Andromache;De Boodschapper toont Hector en Andromache — identieke scène en illustratie als in de Achilles-tak.;;hektor | andromache;;;;;;;;hektor_andromache.png;;1;Terug naar het slagveld -> CH8_AGA_006
CH8_AGA_006;CH8;9897;Bij de Wal;Bij de wal. Twee STAT-gates (Vis 15 / Agilitas 14) naast de doorklikknop.;;;;;;vis 15 | agilitas 14;;;;;;3;Kijk toe hoe de linies zich hergroeperen -> CH8_AGA_007 | Help mee de wal met eigen handen te verstevigen -> CH8_AGA_006_VIS | Breng als snelste boodschapper berichten tussen de linies over -> CH8_AGA_006_AGI
CH8_AGA_006_VIS;CH8;9913;De Wal Verstevigen;Vis-route: de palissade verstevigen. Schrijft niets.;;;;;;;;;;;;1;Kijk hoe de linies zich hergroeperen -> CH8_AGA_007
CH8_AGA_006_AGI;CH8;9927;Berichten Overbrengen;Agilitas-route: berichten tussen de linies overbrengen. Schrijft niets.;;;;;;;;;;;;1;Kijk hoe de linies zich hergroeperen -> CH8_AGA_007
CH8_AGA_007;CH8;9941;Het Gezantschap;"Het gezantschap wordt samengesteld; de speler loopt mee tot buiten de tent.";;phoenix | aias;;;;;;;;;;1;Wacht terwijl het gezantschap zijn zaak bepleit -> CH8_AGA_008
CH8_AGA_008;CH8;9960;Het Wachten;"Het wachten buiten; Ajax mompelt bitter en zijn blik rust op de speler. RELATION agamemnon +1, aias -1, odysseus +1. Poortwachter: 3e declinatie.";;;;agamemnon +1 | aias -1 | odysseus +1;;;;puzzle_ch8_aga_3decl;;;;1;Keer terug naar de linies -> CH8_AGA_009
CH8_AGA_009;CH8;9985;Twee Soorten Koppigheid;"Twee soorten koppigheid, één leger dat betaalt. Drie houdingskeuzes.";;;;;;;;;;;;3;"Vind Agamemnons koppigheid de grotere zonde — hij begon de ruzie -> CH8_AGA_010 | Erken dat Achilles het net zo makkelijk had kunnen laten gaan, voor het leger -> CH8_AGA_010 | Onthoud je van een oordeel — je hebt Achilles' kant nog niet gezien -> CH8_AGA_010"
CH8_AGA_010;CH8;10001;De Schepen in Gevaar;"Hector doorbreekt de wal; de speler grijpt zelf naar een wapen. Combat-bridge.";;;;;;;;;trojaanse_voorhoede;;;1;Zie hoe de strijd om de schepen afloopt -> CH8_AGA_011
CH8_AGA_011;CH8;10018;Achilles is Terug?;'Achilles is terug!' — de gestalte in de wapenrusting drijft de Trojanen terug. Poortwachter: voornaamwoorden.;;;;;;;;puzzle_ch8_aga_pronomen;;;;1;"Volg de strijd verder, tot aan de muren van Troje -> CH8_AGA_012"
CH8_AGA_012;CH8;10037;De Onthulling;"De onthulling: onder de helm zit Patroklos, niet Achilles. Eretitel.";;;;;;;;;;;ch8_dood_patroklos;1;Zie hoe het nieuws Achilles bereikt -> CH8_EPI_001
CH8_EPI_001;CH8;10059;Het Nieuws;Reconvergentie. Antilochos brengt het nieuws van Patroklos' dood.;;antilochos;;;;;;;;;;1;Zie hoe Achilles reageert -> CH8_EPI_002
CH8_EPI_002;CH8;10078;De Rouwkreet;"Achilles' rouwkreet; de Trojaanse linies deinzen terug.";;;;;;;;;;achilles_rouwkreet.png;;1;Zie wie er uit zee opstijgt -> CH8_EPI_003
CH8_EPI_003;CH8;10097;Thetis uit de Zee;"Thetis vertelt hem eerlijk dat wraak zijn eigen dood betekent, en belooft nieuwe wapens.";;;;;;;;;;;;1;Zie wat Vulcanus smeedt -> CH8_EPI_004
CH8_EPI_004;CH8;10113;Het Schild van Achilles;Vulcanus smeedt het schild met de hele wereld erop. Souvenir (schilfer brons). Poortwachter: imperfectum.;;hephaistos;;;;;souvenir_schild_achilles;puzzle_ch8_epi_imperfectum;;;;1;Zie hoe Achilles zijn nieuwe wapenrusting ontvangt -> CH8_EPI_005
CH8_EPI_005;CH8;10141;De Verzoening;De verzoening voor het verzamelde leger. Draagt de twee wederzijds exclusieve ch8_zijde-echo's — het enige punt in het spel waar een eerdere keuze zichtbaar wordt beloond.;;agamemnon | achilles;;;ch8_zijde | ch8_zijde;;;;;;;1;Zie Achilles terugkeren naar de strijd -> CH8_EPI_006
CH8_EPI_006;CH8;10161;Terug in de Slag;"Achilles keert terug in de slag; zelfs de Scamander verzet zich. Poortwachter: koppelpuzzel.";;;;;;;;puzzle_ch8_epi_matching;;;;1;Zie het laatste gevecht -> CH8_EPI_007
CH8_EPI_007;CH8;10180;Het Duel met Hector;"Het duel met Hector, na drie ronden om de muren en Athena's list. Combat-bridge.";;;;;;;;;hektor;achilles_achtervolgt_hektor.png;;1;Zie hoe het duel eindigt -> CH8_EPI_008
CH8_EPI_008;CH8;10200;De Dood van Hector;"Hector sterft; Achilles weigert zijn lichaam terug te geven. Eretitel.";;;;;;;;;;;ch8_dood_hektor;1;Zie wat er met het lichaam gebeurt -> CH8_EPI_009
CH8_EPI_009;CH8;10220;Rond de Muren;Achilles sleept Hectors lichaam dagenlang rond de muren.;;;;;;;;;;;;1;Zie wat Priamus daarna besluit -> CH8_EPI_010
CH8_EPI_010;CH8;10236;De Nachtelijke Tocht;Priamus waagt zich met Mercurius als gids het Griekse kamp in.;;;;;;;;;;;;1;Zie wat er in de tent gebeurt -> CH8_EPI_011
CH8_EPI_011;CH8;10250;Priamus' Smeekbede;"Priamus' smeekbede; Achilles huilt en geeft het lichaam terug. Eretitel. Drie houdingskeuzes.";;priamus;;;;;;;;priamus_smeekbede.png;ch8_priamus_smeekbede;3;Vind dit een van de weinige echt menselijke momenten in een verder meedogenloze oorlog -> CH8_EPI_012 | Merk op dat één nacht van medelijden niets verandert aan wat er nog allemaal komen gaat -> CH8_EPI_012 | Laat het op je inwerken zonder meteen een kant te kiezen -> CH8_EPI_012
CH8_EPI_012;CH8;10280;De Begrafenis van Hector;"De begrafenis van Hector; de Boodschapper wijst erop dat de Ilias hier eindigt. Eretitel.";;;;;;;;;;;ch8_wrok_verzoend;1;Keer terug naar het Museum -> CH8_EINDE
CH8_EINDE;CH8;10308;Het Einde van Hoofdstuk 8;Hoofdstukafsluiting: niemand ziet een oorlog ooit helemaal.;;;;;;;;;;;;1;Keer terug naar het Museum -> CH8_MUSEUM_00
CH8_MUSEUM_00;CH8;10324;Terug in het Museum;"Terug in het Museum; de tweede stolp is gevuld. De Boodschapper belooft expliciet dat de keuze onthouden wordt.";;;;;;;;;;;;1;De streep licht wordt weer breder -> CH9_000
CH9_000;CH9;10353;Mercurius;Opening van Hoofdstuk 9: Mercurius wordt erbij gehaald om de speler binnen de muren van Troje te brengen.;;;;;;;;;;;;1;Volg Mercurius de muren van Troje in -> CH9_001
CH9_001;CH9;10371;"Hector en Andromache, van Binnenuit";"Hector en Andromache, nu van binnenuit beleefd — hetzelfde moment als in Hoofdstuk 8, van de andere kant.";;hektor | andromache;;;;;;;;;;1;Volg Hector naar de poort -> CH9_002
CH9_002;CH9;10390;"Hectors Dood, van de Muren";"Hectors dood gezien vanaf de muren, inclusief het zelfherkenningsmoment: de speler ziet zichzelf tussen de Myrmidonen staan. Draagt de herakles_harnas-echo.";;;;;herakles_harnas;;;;;;;1;Zie hoe Troje hierop reageert -> CH9_003
CH9_003;CH9;10411;De Tocht met Priamus;"Priamus' nachtelijke tocht, nu meebeleefd vanuit Trojaans perspectief.";;priamus;;;;;;;;;;1;Zie de begrafenis in Troje zelf -> CH9_004
CH9_004;CH9;10430;"Hectors Begrafenis, in Troje";"Hectors begrafenis in Troje zelf; Andromache, Hecuba en Helena spreken hun klaagzang uit.";;;;;;;;;;;;1;Luister naar wat de Boodschapper je nu vraagt -> CH9_005
CH9_005;CH9;10449;Muren of Strand?;Het tweede vertakkingsmoment: de val van Troje zien vanaf de muren of vanaf het strand. Deze keer komen de takken NIET meer samen. Schrijft geen enkele flag.;;;;;;;;;;;;2;"Kijk mee vanaf de muren, binnen Troje -> CH9_TRO_001 | Kijk mee vanaf het strand, bij het Griekse leger -> CH9_GRI_001"
CH9_TRO_001;CH9;10466;Penthesileia;Tak Troje. Penthesileia arriveert en wordt door Achilles gedood.;;;;;;;;;;;;1;Zie welke bondgenoot hierna arriveert -> CH9_TRO_002
CH9_TRO_002;CH9;10485;Memnon uit het Oosten;Memnon komt uit het oosten en valt net zo snel. Poortwachter: comparativus/superlativus.;;;;;;;;puzzle_ch9_tro_comparativus;;;;1;Zie wie Troje nu nog tegenover zich heeft -> CH9_TRO_003
CH9_TRO_003;CH9;10507;Achilles' Dood;Paris doodt Achilles met Apollo's hand op zijn boog. Poortwachter: A.C.I. Eretitel.;;;;;;;;puzzle_ch9_tro_aci;;;ch9_dood_achilles;1;Zie hoe Troje dit nieuws viert -> CH9_TRO_003B
CH9_TRO_003B;CH9;10532;Gejuich op de Muren;"Gejuich op de muren, maar niet iedereen juicht. Drie houdingskeuzes.";;;;;;;;;;;;3;"Vind het moeilijk om vreugde te voelen om de dood van wie dan ook, zelfs een vijand -> CH9_TRO_004 | Erken dat Troje na tien jaar wel recht heeft op dit ene moment van opluchting -> CH9_TRO_004 | Laat het gejuich om je heen op je inwerken zonder zelf een kant te kiezen -> CH9_TRO_004"
CH9_TRO_004;CH9;10548;Onrust in het Griekse Kamp;Geruchten over verdeeldheid in het Griekse kamp — de wapenrusting-twist blijft van deze kant onzichtbaar.;;;;;;;;;;;;1;Zie welke prins van Troje als volgende valt -> CH9_TRO_005
CH9_TRO_005;CH9;10562;De Dood van Paris;"Paris sterft door een pijl uit Herakles' boog; callback naar het Parisoordeel.";;;;;;;;;;;;1;"Zie wat er van Helena wordt, nu ze weer weduwe is -> CH9_TRO_005B"
CH9_TRO_005B;CH9;10581;Het Huwelijk van Helena en Deiphobos;Helena wordt aan Deiphobos toegewezen. Drie houdingskeuzes.;;helenus;;;;;;;;;;3;"Vind dit een even wrede voortzetting van wat Helena al die jaren is aangedaan -> CH9_TRO_005C | Erken dat een weduwe zonder bescherming in een belegerde stad weinig andere opties heeft -> CH9_TRO_005C | Kijk zwijgend toe, net als de rest van het hof -> CH9_TRO_005C"
CH9_TRO_005C;CH9;10600;Helenus Verdwijnt;"Helenus verlaat vernederd de stad; niemand weet waarheen.";;;;;;;;;;;;1;"Zie wat er ondertussen, ongezien, binnen de muren gebeurt -> CH9_TRO_006"
CH9_TRO_006;CH9;10614;De Bedelaar in de Stad;"Een bedelaar komt Troje binnen; alleen Helena kijkt hem aan. Eén STAT-gate (Prudentia 15).";;;;;;prudentia 15;;;;;;2;"Kijk toe zonder verder iets te zeggen -> CH9_TRO_007 | Merk iets vertrouwds op in de ogen van de bedelaar, maar zwijg net als Helena -> CH9_TRO_006_PRU"
CH9_TRO_006_PRU;CH9;10629;Een Vermoeden;Prudentia-route: de speler herkent iets in de bedelaar maar zwijgt. Schrijft niets — de herkenning verdwijnt spoorloos.;;;;;;;;;;;;1;Zie wat er verder gebeurt -> CH9_TRO_007
CH9_TRO_007;CH9;10643;Het Palladium Verdwijnt;"Het Palladium blijkt gestolen; Troje voelt zich voor het eerst onbeschermd.";;diomedes;;;;;;;;;;1;Zie wat er op het strand verschijnt -> CH9_TRO_008
CH9_TRO_008;CH9;10663;Het Paard op het Strand;"Het Griekse kamp is verlaten; op het strand staat een houten paard.";;;;;;;;;;;;1;Luister naar wat de man te vertellen heeft -> CH9_TRO_009
CH9_TRO_009;CH9;10680;Sinons Verhaal;Sinons verhaal overtuigt Priamus. Drie houdingskeuzes.;;;;;;;;;;;;3;"Vind het verstandig om Sinon het voordeel van de twijfel te geven na alles wat Troje heeft doorstaan -> CH9_TRO_010 | Wantrouw elk Grieks geschenk, na tien jaar oorlog helemaal -> CH9_TRO_010 | Twijfel, net als een deel van de menigte om je heen -> CH9_TRO_010"
CH9_TRO_010;CH9;10701;Laocoön en de Slangen;"Laocoön waarschuwt en wordt met zijn zonen door zeeslangen verslonden; Troje leest het verkeerd. Poortwachter: congruentie.";;;;;;;;puzzle_ch9_tro_congruentie;;;;1;Zie of nog iemand durft te twijfelen -> CH9_TRO_011
CH9_TRO_011;CH9;10723;Cassandra's Laatste Waarschuwing;"Cassandra waarschuwt vergeefs; het paard gaat door een bres naar binnen.";;cassandra;;;;;;;;;;1;Zie hoe Troje die avond viert -> CH9_TRO_012
CH9_TRO_012;CH9;10745;Het Feest;"Troje viert alsof de oorlog voorbij is; niemand houdt de wacht.";;;;;;;;;;;;1;Zie wat er gebeurt zodra de stad eindelijk slaapt -> CH9_TRO_013
CH9_TRO_013;CH9;10761;De Poorten Gaan Open;"De verstopte Grieken openen de poorten; het leger stroomt binnen. Poortwachter: 3e declinatie.";;;;;;;;puzzle_ch9_tro_3decl;;;;1;Zie wat er met het koningshuis gebeurt -> CH9_TRO_014
CH9_TRO_014;CH9;10783;De Dood van Priamus;Neoptolemus doodt Polites en daarna Priamus op de trappen van zijn eigen altaar.;;;;;;;;;;;;1;Zie wat er met Hectors zoontje gebeurt -> CH9_TRO_015
CH9_TRO_015;CH9;10802;Astyanax;Astyanax wordt van de muren geworpen. Drie houdingskeuzes.;;;;;;;;;;;;3;"Vind dit de wreedste daad van de hele oorlog, zonder enig excuus -> CH9_TRO_016 | Erken, met tegenzin, de logica van mannen die een nieuwe wraakoorlog over generaties willen voorkomen -> CH9_TRO_016 | Kun je hier geen woorden voor vinden, aan geen van beide kanten -> CH9_TRO_016"
CH9_TRO_016;CH9;10818;Cassandra bij het Altaar;"Aias, zoon van Oïleus, sleurt Cassandra van Athena's altaar. Eretitel.";;cassandra | aias_oileus;;;;;;;;;ch9_cassandra_altaar;1;"Zie wie er, tegen alle verwachting in, toch weet te ontsnappen -> CH9_TRO_017"
CH9_TRO_017;CH9;10841;Aeneas' Vlucht;Aeneas draagt Anchises de brandende stad uit met Ascanius aan de hand. Eretitel.;;aeneas;;;;;;;;;ch9_aeneas_vlucht;1;Zie Troje voor de laatste keer -> CH9_TRO_018
CH9_TRO_018;CH9;10864;Ilion in Vlammen;"Troje is er niet meer; de speler kijkt vanaf de ingestorte muren uit over rook en as. Eretitel.";;;;;;;;;;;ch9_val_van_troje;1;Keer terug naar het Museum -> CH9_EINDE
CH9_GRI_001;CH9;10886;Penthesileia;"Tak Grieken. Penthesileia sterft; Achilles doodt daarna ook de spotter Thersites. Drie houdingskeuzes.";;;;;;;;;;;;3;Vind Achilles' woede tegenover Thersites even begrijpelijk als verontrustend -> CH9_GRI_002 | Vind dat een spotter zijn verdiende loon kreeg -> CH9_GRI_002 | Vind het onvergeeflijk om een ongewapende man te doden om een belediging -> CH9_GRI_002
CH9_GRI_002;CH9;10907;Memnon en de Dood van Antilochos;Memnon doodt Antilochos — de boodschapper uit Hoofdstuk 8 — en valt zelf. Poortwachter: comparativus/superlativus.;;;;;;;;puzzle_ch9_gri_comparativus;;;;1;Zie wat er met Achilles zelf gebeurt -> CH9_GRI_003
CH9_GRI_003;CH9;10929;Achilles' Dood;"Achilles' dood; Aias draagt zijn lichaam weg terwijl Odysseus dekt. Poortwachter: A.C.I. Eretitel.";;;;;;;;puzzle_ch9_gri_aci;;;ch9_dood_achilles;1;Zie wat er van zijn wapenrusting wordt -> CH9_GRI_004
CH9_GRI_004;CH9;10954;De Twist om de Wapenrusting;"De twist om de wapenrusting: Odysseus wint de stemming, Aias verliest.";;;;;;;;;;;;1;Zie wat Aias die nacht doet -> CH9_GRI_005
CH9_GRI_005;CH9;10973;Aias' Ondergang;Aias' waanzin en zelfmoord. Draagt de twee wederzijds exclusieve Aias-payoffs uit Hoofdstuk 8. Eretitel. Drie houdingskeuzes.;;;;;aias | aias;;;;;;ch9_waanzin_aias;3;"Vind dit onnodig — zijn kracht en trouw wogen zwaarder dan wat hem is aangedaan -> CH9_GRI_006 | Erken dat schaamte, voor een man als Aias, net zo dodelijk kan zijn als een wond -> CH9_GRI_006 | Weet niet goed wat je hiervan moet vinden, en laat het zo -> CH9_GRI_006"
CH9_GRI_006;CH9;10997;De Terugkeer van Philoktetes;"Philoktetes wordt van Lemnos gehaald; zijn wond geneest, zijn wrok verzacht — zonder dat de speler er iets aan kan doen.";;;;;;;;;;;;1;Zie wat Philoktetes doet zodra hij weer bij het leger is -> CH9_GRI_007
CH9_GRI_007;CH9;11016;De Dood van Paris;Philoktetes doodt Paris met Herakles' boog.;;;;;;;;;;;;1;Hoor wat er in Troje gebeurt nu Helena weer weduwe is -> CH9_GRI_007B
CH9_GRI_007B;CH9;11033;Een Gedwongen Huwelijk;Overlopers melden Helena's gedwongen huwelijk met Deiphobus.;;;;;;;;;;;;1;Zie wat er van de verdwenen prins wordt -> CH9_GRI_007C
CH9_GRI_007C;CH9;11049;Helenus;Helenus wordt gevangen en onthult de laatste twee voorwaarden voor Troje's val.;;helenus;;;;;;;;;;1;Zie wie als eerste wordt gehaald -> CH9_GRI_008
CH9_GRI_008;CH9;11066;Neoptolemus wordt Gehaald;Neoptolemus wordt van Skyros gehaald en krijgt zijn vaders wapenrusting.;;neoptolemus;;;;;;;;;;1;Hoor het nieuws over een geheime missie in Troje zelf -> CH9_GRI_009
CH9_GRI_009;CH9;11088;Het Palladium;Odysseus en Diomedes stelen het Palladium. Draagt de Diomedes-payoff die optelt uit Hoofdstuk 6 én 8 — de enige payoff met een drempel over twee hoofdstukken.;;diomedes;;;diomedes;;;;;;;1;Zie hoe zorgvuldig de sporen worden gewist -> CH9_GRI_009B
CH9_GRI_009B;CH9;11108;Sporen Wissen;De schepen worden verborgen op het strand. Poortwachter: 3e declinatie.;;;;;;;;puzzle_ch9_gri_3decl;;;;1;Zie welk plan hierna wordt bedacht -> CH9_GRI_010
CH9_GRI_010;CH9;11125;Het Paard;"Odysseus bedenkt het paard; de speler wordt gevraagd erin plaats te nemen. Poortwachter: congruentie.";;;;;;;;puzzle_ch9_gri_congruentie;;;;1;Klim het paard in -> CH9_GRI_011
CH9_GRI_011;CH9;11147;In het Paard;"In het paard, in het donker, met Trojaanse stemmen vlakbij. Twee STAT-gates (Prudentia 15 / Agilitas 14).";;;;;;prudentia 15 | agilitas 14;;;;;;3;"Blijf doodstil zitten en wacht het signaal af -> CH9_GRI_012 | Beheers je ademhaling tot een fluistering, ook al doet elke spier pijn -> CH9_GRI_011_PRU | Houd je lichaam volledig roerloos, ondanks de kramp in je benen -> CH9_GRI_011_AGI"
CH9_GRI_011_PRU;CH9;11163;Adem Inhouden;Prudentia-route: de ademhaling tot een fluistering dwingen. Schrijft niets.;;;;;;;;;;;;1;Wacht verder op het signaal -> CH9_GRI_012
CH9_GRI_011_AGI;CH9;11177;Doodstil Blijven;Agilitas-route: volledig roerloos blijven ondanks kramp. Schrijft niets.;;;;;;;;;;;;1;Wacht verder op het signaal -> CH9_GRI_012
CH9_GRI_012;CH9;11191;Het Signaal;Sinon ontsteekt het signaalvuur op de muren.;;;;;;;;;;;;1;Zie het paard eindelijk zijn geheim prijsgeven -> CH9_GRI_013
CH9_GRI_013;CH9;11205;De Poorten Gaan Open;"Het paard klapt open; de laatste wachters worden overmeesterd. Combat-bridge.";;;;;;;;;trojaanse_wachters;;;1;Zie de vloot terugkeren en de stad binnenstromen -> CH9_GRI_014
CH9_GRI_014;CH9;11222;De Stad in Vlammen;"De stad in vlammen; geen veldslag meer maar een slachting. Drie houdingskeuzes.";;;;;;;;;;;;3;"Vind deze wraak, na tien jaar oorlog, volledig gerechtvaardigd -> CH9_GRI_015 | Vind het moeilijk om trots te zijn op wat je eigen kant deze nacht aanricht -> CH9_GRI_015 | Kijk toe zonder een van beide kanten te kiezen -> CH9_GRI_015"
CH9_GRI_015;CH9;11241;Het Koningshuis Valt;Berichten over Priamus' en Astyanax' dood bereiken de speler tweedehands.;;;;;;;;;;;;1;Zie wat er 's ochtends op het strand gebeurt -> CH9_GRI_016
CH9_GRI_016;CH9;11260;De Gevangenen;"De gevangen vrouwen worden op het strand verdeeld; Hecuba aan Odysseus, Andromache aan Neoptolemus. Eretitel.";;;;;;;;;;;ch9_val_van_troje;1;Keer terug naar het Museum -> CH9_EINDE
CH9_EINDE;CH9;11285;Het Einde van Hoofdstuk 9;"Hoofdstukafsluiting; Mercurius neemt afscheid. Souvenir (splinter van het paard).";;;;;;;souvenir_trojaans_paard;;;;;1;Keer terug naar het Museum -> CH9_MUSEUM_00
CH9_MUSEUM_00;CH9;11307;Terug in het Museum;"Terug in het Museum; de derde stolp is gevuld. De Boodschapper kondigt aan dat mensen deze oorlog verschillend zullen navertellen.";;;;;;;;;;;;0;